name,ticker,figi,lot,currency,class_code
PerkinElmer,PKI,BBG000FXW512,1,usd,SPBXM
APA Corporation,APA,BBG00YTS96G2,1,usd,SPBXM
CNX Resources Corporation,CNX,BBG000CKVSG8,1,usd,SPBXM
SLM Corp,SLM,BBG000BBCQD7,1,usd,SPBXM
Southwest Gas Holdings,SWX,BBG00FWP4JW4,1,usd,SPBXM
Axcelis Technologies,ACLS,BBG000DW34S2,1,usd,SPBXM
LG Display,LPL,BBG000FJ0RK9,1,usd,SPBXM
Conagra Brands,CAG,BBG000BDXGP9,1,usd,SPBXM
Детский Мир,DSKY,BBG000BN56Q9,10,rub,TQBR
"WW International, Inc.",WW,BBG000DY6735,1,usd,SPBXM
MillerKnoll,MLKN,BBG000BP46T2,1,usd,SPBXM
BASF SE,BAS@DE,BBG000BBVVK7,1,eur,SPBDE
Medtronic,MDT,BBG000BNWG87,1,usd,SPBXM
Arthur J. Gallagher & Co,AJG,BBG000BBHXQ3,1,usd,SPBXM
Rio Tinto,RIO,BBG000FD28T3,1,usd,SPBXM
51job,JOBS,BBG000BJD1D4,1,usd,SPBXM
Guidewire Software Inc,GWRE,BBG001C7PM75,1,usd,SPBXM
Marriott International,MAR,BBG000BGD7W6,1,usd,SPBXM
En+ Group,ENPG,BBG000RMWQD4,1,rub,TQBR
Paycom Software Inc,PAYC,BBG0064N0ZZ5,1,usd,SPBXM
"Tattooed Chef, Inc.",TTCF,BBG00LN7Q496,1,usd,SPBXM
nCino,NCNO,BBG014GJ8XH2,1,usd,SPBXM
City Holding Company,CHCO,BBG000BFJFX3,1,usd,SPBXM
Denali Therapeutics Inc,DNLI,BBG008P7F869,1,usd,SPBXM
Polymetal,POLY,BBG004PYF2N3,1,rub,TQBR
Mettler Toledo,MTD,BBG000BZCKH3,1,usd,SPBXM
TreeHouse Foods Inc,THS,BBG000GQGJT4,1,usd,SPBXM
Hubbell,HUBB,BBG000BLK267,1,usd,SPBXM
News Corp (A),NWSA,BBG0035LY913,1,usd,SPBXM
Atea Pharmaceuticals,AVIR,BBG00TZNCJ75,1,usd,SPBXM
Amphenol,APH,BBG000B9YJ35,1,usd,SPBXM
Нижнекамскнефтехим - акции привилегированные,NKNCP,BBG000GQSVC2,10,rub,TQBR
Avnet,AVT,BBG000BCPB71,1,usd,SPBXM
Domino's Pizza Inc,DPZ,BBG000P458P3,1,usd,SPBXM
ZIM Integrated Shipping Services,ZIM,BBG00YQ7XR05,1,usd,SPBXM
Gray Television Inc,GTN,BBG000DSQLQ0,1,usd,SPBXM
Citigroup,C,BBG000FY4S11,1,usd,SPBXM
Granite Construction Inc,GVA,BBG000DVB833,1,usd,SPBXM
Ryder System,R,BBG000BRVP70,1,usd,SPBXM
International Paper,IP,BBG000BM5SR2,1,usd,SPBXM
Kirby Corp,KEX,BBG000BMQCP6,1,usd,SPBXM
Aluminum Corp of China,ACH,BBG000CMRVH1,1,usd,SPBXM
Edgewell Personal Care Co,EPC,BBG000BRW644,1,usd,SPBXM
Coupa Software Inc,COUP,BBG001J4BCN4,1,usd,SPBXM
GILEAD,GILD,BBG000CKGBP2,1,usd,SPBXM
Winnebago Industries Inc,WGO,BBG000BWS3F3,1,usd,SPBXM
BioCryst Pharmaceuticals,BCRX,BBG000BLYWX6,1,usd,SPBXM
Solid Biosciences,SLDB,BBG00JN4FXG8,1,usd,SPBXM
Mesa Laboratories Inc,MLAB,BBG000BP3PW7,1,usd,SPBXM
Waste Connections,WCN,BBG000FLHZZ2,1,usd,SPBXM
Applied Materials,AMAT,BBG000BBPFB9,1,usd,SPBXM
Inovio Pharmaceuticals,INO,BBG000BK6YX5,1,usd,SPBXM
Hilton,HLT,BBG0058KMH30,1,usd,SPBXM
Snap-on,SNA,BBG000BT7JW9,1,usd,SPBXM
Vontier Corporation,VNT,BBG00RRGSJR4,1,usd,SPBXM
Organon & Co.,OGN,BBG00ZQRGW24,1,usd,SPBXM
Bristol-Myers Squibb,BMY,BBG000DQLV23,1,usd,SPBXM
Avantor Inc,AVTR,BBG00G2HHYD7,1,usd,SPBXM
Willis Towers Watson,WTW,BBG000DB3KT1,1,usd,SPBXM
Apple Hospitality REIT,APLE,BBG006473QX9,1,usd,SPBXM
Chemed Corp,CHE,BBG000C19QW1,1,usd,SPBXM
AMD,AMD,BBG000BBQCY0,1,usd,SPBXM
Российские сети - акции привилегированные,RSTIP,BBG000KTF667,1000,rub,TQBR
Broadridge Financial Solutions,BR,BBG000PPFKQ7,1,usd,SPBXM
ON Semiconductor Corp,ON,BBG000DV7MX4,1,usd,SPBXM
CloudFlare Inc,NET,BBG001WMKHH5,1,usd,SPBXM
Corteva Inc,CTVA,BBG00BN969C1,1,usd,SPBXM
TG Therapeutics,TGTX,BBG000FVZQY1,1,usd,SPBXM
CoStar Group Inc,CSGP,BBG000D7JKW9,1,usd,SPBXM
Tractor Supply,TSCO,BBG000BLXZN1,1,usd,SPBXM
Spotify Technology SA,SPOT,BBG003T4VFC2,1,usd,SPBXM
Papa John's International Inc,PZZA,BBG000BFWF13,1,usd,SPBXM
Insulet Corp,PODD,BBG000R7XX87,1,usd,SPBXM
Halliburton,HAL,BBG000BKTFN2,1,usd,SPBXM
Dollar General,DG,BBG000NV1KK7,1,usd,SPBXM
Dillard's Inc,DDS,BBG000BS4MP5,1,usd,SPBXM
"GXO Logistics, Inc.",GXO,BBG00YDGX945,1,usd,SPBXM
RH,RH,BBG002293PJ4,1,usd,SPBXM
BorgWarner,BWA,BBG000BJ49H3,1,usd,SPBXM
PNC Financial Services,PNC,BBG000BRD0D8,1,usd,SPBXM
Dow Inc,DOW,BBG00BN96922,1,usd,SPBXM
Muenchener Rueckversicherungs-Gesellschaft AG,MUV2@DE,BBG000BD9FD1,1,eur,SPBDE
Zogenix Inc,ZGNX,BBG000VDC3G9,1,usd,SPBXM
Vaxart Inc,VXRT,BBG000DR0RZ7,1,usd,SPBXM
LCI Industries,LCII,BBG000DNLMB0,1,usd,SPBXM
Hain Celestial Group Inc,HAIN,BBG000BQW085,1,usd,SPBXM
Iron Mountain REIT,IRM,BBG000KCZPC3,1,usd,SPBXM
Fortune Brands Home & Security,FBHS,BBG001B4BV87,1,usd,SPBXM
Fate Therapeutics Inc,FATE,BBG000QP35H2,1,usd,SPBXM
SelectQuote,SLQT,BBG000GTP1B6,1,usd,SPBXM
Ford,F,BBG000BQPC32,1,usd,SPBXM
Syneos Health Inc,SYNH,BBG0078Y1D92,1,usd,SPBXM
"ChemoCentryx, Inc",CCXI,BBG000PTSB12,1,usd,SPBXM
ABM Industries,ABM,BBG000B9YYH7,1,usd,SPBXM
Watsco Inc,WSO,BBG000DJN7L9,1,usd,SPBXM
Humana,HUM,BBG000BLKK03,1,usd,SPBXM
Rivian Automotive,RIVN,BBG00741Y1N2,1,usd,SPBXM
AmerisourceBergen Corp,ABC,BBG000MDCQC2,1,usd,SPBXM
Central Garden & Pet Co,CENTA,BBG000KTYB56,1,usd,SPBXM
CEL SCI Corporation,CVM,BBG000H5G6L5,1,usd,SPBXM
Edwards Lifesciences,EW,BBG000BRXP69,1,usd,SPBXM
Sistema PJSFC,SSA@GS,BBG000G7B4C2,1,usd,SPBXM
IGM Biosciences Inc,IGMS,BBG00PNR1BT2,1,usd,SPBXM
Sanofi,SNY,BBG000BBD5N1,1,usd,SPBXM
Fulgent Genetics,FLGT,BBG00DR7LTG2,1,usd,SPBXM
Bank of Hawaii,BOH,BBG000C8D8G9,1,usd,SPBXM
DexCom Inc,DXCM,BBG000QTF8K1,1,usd,SPBXM
First American Financial Corporation,FAF,BBG000V78V75,1,usd,SPBXM
Artivion,AORT,BBG000BMLVJ6,1,usd,SPBXM
Корпорация ИРКУТ,IRKT,BBG000FWGSZ5,100,rub,TQBR
Ovintiv Inc.,OVV,BBG00R2NHQ65,1,usd,SPBXM
"BJs Wholesale Club Holdings, Inc.",BJ,BBG00FQ8T4G3,1,usd,SPBXM
iRobot Corp,IRBT,BBG000HXJB21,1,usd,SPBXM
Vulcan Materials,VMC,BBG000BWGYF8,1,usd,SPBXM
NetApp,NTAP,BBG000FP1N32,1,usd,SPBXM
МРСК Волги,MRKV,BBG000PKWCQ7,10000,rub,TQBR
Scotts Miracle-Gro Co The,SMG,BBG000BT5PG5,1,usd,SPBXM
"ALLETE, Inc.",ALE,BBG000CYW7N5,1,usd,SPBXM
Booz Allen Hamilton,BAH,BBG000R2YFG7,1,usd,SPBXM
Wal-Mart Stores,WMT,BBG000BWXBC2,1,usd,SPBXM
Tyson Foods,TSN,BBG000DKCC19,1,usd,SPBXM
"Recursion Pharmaceuticals, Inc.",RXRX,BBG00PQ4XJ45,1,usd,SPBXM
HP,HPQ,BBG000KHWT55,1,usd,SPBXM
Nutrien,NTR,BBG00JM9XLN6,1,usd,SPBXM
American Outdoor Brands Inc,AOUT,BBG00QV8FS02,1,usd,SPBXM
Royal Gold,RGLD,BBG000BS5170,1,usd,SPBXM
Paymentus Holdings,PAY,BBG010MW0N84,1,usd,SPBXM
Sage Therapeutics Inc,SAGE,BBG0025X16Y5,1,usd,SPBXM
BigCommerce Holdings,BIGC,BBG00W1PSSJ0,1,usd,SPBXM
Genpact Limited,G,BBG000RQBFV2,1,usd,SPBXM
Corning,GLW,BBG000BKFZM4,1,usd,SPBXM
Westlake Corporation,WLK,BBG000PXZFW2,1,usd,SPBXM
Turtle Beach Corp,HEAR,BBG000BM6N47,1,usd,SPBXM
Anaplan Inc,PLAN,BBG002DZS299,1,usd,SPBXM
Qurate Retail Inc,QRTEA,BBG000PCQQL6,1,usd,SPBXM
Caterpillar,CAT,BBG000BF0K17,1,usd,SPBXM
Newmont Goldcorp Corporation,NEM,BBG000BPWXK1,1,usd,SPBXM
Middleby Corp The,MIDD,BBG000DQN9R3,1,usd,SPBXM
Yum China Holdings,YUMC,BBG00B8N0HG1,1,usd,SPBXM
Lyft Inc,LYFT,BBG004M9ZHX5,1,usd,SPBXM
NortonLifeLock Inc,NLOK,BBG000BH2JM1,1,usd,SPBXM
Eagle Pharmaceuticals Inc,EGRX,BBG005Y3XWH9,1,usd,SPBXM
ВСМПО-АВИСМА,VSMO,BBG004S68CV8,1,rub,TQBR
Cerevel Therapeutics Holdings,CERE,BBG00VCYVLH4,1,usd,SPBXM
Azenta,AZTA,BBG000DX9JV7,1,usd,SPBXM
Black Diamond Therapeutics Inc,BDTX,BBG00MS4Y0W9,1,usd,SPBXM
Walt Disney,DIS,BBG000BH4R78,1,usd,SPBXM
Workiva Inc,WK,BBG007BVZ8H9,1,usd,SPBXM
Nexters Inc,GDEV,BBG00Z5KBW72,1,usd,SPBXM
Starwood Property Trust REIT,STWD,BBG000M1J270,1,usd,SPBXM
Spirit AeroSystems Holdings,SPR,BBG000PRJ2Z9,1,usd,SPBXM
Anheuser-Busch InBev,BUD,BBG000RYC984,1,usd,SPBXM
First Merchants Corporation,FRME,BBG000BBSJ28,1,usd,SPBXM
Объединенная авиастроительная корпорация,UNAC,BBG000Q7ZZY2,1000,rub,TQBR
Tapestry,TPR,BBG000BY29C7,1,usd,SPBXM
Republic Services,RSG,BBG000BPXVJ6,1,usd,SPBXM
"C3.ai, Inc",AI,BBG00Y6G6X31,1,usd,SPBXM
Marsh & McLennan,MMC,BBG000BP4MH0,1,usd,SPBXM
Группа ЛСР,LSRG,BBG004S68C39,1,rub,TQBR
Northern Trust,NTRS,BBG000BQ74K1,1,usd,SPBXM
Skyline Champion,SKY,BBG000BT2TP0,1,usd,SPBXM
Baozun Inc,BZUN,BBG008HNS333,1,usd,SPBXM
"FTC Solar, Inc.",FTCI,BBG0320C1036,1,usd,SPBXM
Standex International Corp,SXI,BBG000BTT5B8,1,usd,SPBXM
Dril-Quip Inc,DRQ,BBG000BVDBY2,1,usd,SPBXM
Equity LifeStyle Properties REIT,ELS,BBG000BB7SX7,1,usd,SPBXM
Rheinmetall AG,RHM@DE,BBG000BWT790,1,eur,SPBDE
Wintrust Financial,WTFC,BBG000HD3DW5,1,usd,SPBXM
Plexus Corp,PLXS,BBG000BRBX66,1,usd,SPBXM
Appfolio Inc,APPF,BBG008GC8CP6,1,usd,SPBXM
Trane Technologies,TT,BBG000BM6788,1,usd,SPBXM
Illumina,ILMN,BBG000DSMS70,1,usd,SPBXM
Nexstar Media Group Inc,NXST,BBG000DZJVH0,1,usd,SPBXM
Array Technologies,ARRY,BBG001V4SF46,1,usd,SPBXM
Public Storage REIT,PSA,BBG000BPPN67,1,usd,SPBXM
Americold Realty Trust REIT,COLD,BBG000QF05R6,1,usd,SPBXM
United Parcel Service,UPS,BBG000L9CV04,1,usd,SPBXM
Malibu Boats Inc,MBUU,BBG005PXTR70,1,usd,SPBXM
CDK Global,CDK,BBG006B6PVN9,1,usd,SPBXM
Zimmer Biomet Holdings,ZBH,BBG000BKPL53,1,usd,SPBXM
XP Inc,XP,BBG00QVJYGM9,1,usd,SPBXM
Belden Inc,BDC,BBG000Q4XNV1,1,usd,SPBXM
Heska Corp,HSKA,BBG000BWFH48,1,usd,SPBXM
PPL,PPL,BBG000BRJL00,1,usd,SPBXM
Cable One,CABO,BBG000F02T51,1,usd,SPBXM
AppHarvest,APPH,BBG00VDGP717,1,usd,SPBXM
FedEx,FDX,BBG000BJF1Z8,1,usd,SPBXM
Varonis Systems Inc,VRNS,BBG001Y04TN6,1,usd,SPBXM
Charles River Laboratories Int,CRL,BBG000BG5BL8,1,usd,SPBXM
Canadian National Railway Co,CNI,BBG000HS74G6,1,usd,SPBXM
Zions Bancorporation,ZION,BBG000BX9WL1,1,usd,SPBXM
Invesco,IVZ,BBG000BY2Y78,1,usd,SPBXM
Paramount Global,PARA,BBG000C496P7,1,usd,SPBXM
Dropbox Inc,DBX,BBG0018SLDN0,1,usd,SPBXM
Stem,STEM,BBG00XP8NQN4,1,usd,SPBXM
Таттелеком,TTLK,BBG000RJL816,1000,rub,TQBR
Darden Restaurants,DRI,BBG000BBNYF6,1,usd,SPBXM
DuPont de Nemours Inc,DD,BBG00BN961G4,1,usd,SPBXM
CenterPoint Energy,CNP,BBG000FDBX90,1,usd,SPBXM
Центральный Телеграф,CNTL,BBG000BBV4M5,100,rub,TQBR
Silicon Laboratories Inc,SLAB,BBG000BB99S3,1,usd,SPBXM
ANSYS,ANSS,BBG000GXZ4W7,1,usd,SPBXM
Schrodinger Inc,SDGR,BBG000T88BN2,1,usd,SPBXM
Crocs Inc,CROX,BBG000BLY663,1,usd,SPBXM
SJW Group,SJW,BBG000BT1ZY7,1,usd,SPBXM
Anterix,ATEX,BBG0081NLHR0,1,usd,SPBXM
QuidelOrtho Corp,QDEL,BBG017TGV7M2,1,usd,SPBXM
Teladoc Health Inc,TDOC,BBG0019T5SG0,1,usd,SPBXM
OSI Systems Inc,OSIS,BBG000BWPR54,1,usd,SPBXM
Installed Building Products,IBP,BBG005TJKDZ6,1,usd,SPBXM
SiteOne Landscape Supply Inc,SITE,BBG009T22D49,1,usd,SPBXM
Integra LifeSciences Holdings,IART,BBG000BZJQL8,1,usd,SPBXM
Signet Jewelers,SIG,BBG000C4ZZ10,1,usd,SPBXM
Hawaiian Holdings Inc,HA,BBG000BC4185,1,usd,SPBXM
US Physical Therapy Inc,USPH,BBG000CSRSG6,1,usd,SPBXM
"Camping World Holdings, Inc.",CWH,BBG00D2Z7X83,1,usd,SPBXM
Cognex Corp,CGNX,BBG000BPBVW5,1,usd,SPBXM
Federal Realty Investment Trust REIT,FRT,BBG000BJVN28,1,usd,SPBXM
B&G Foods Inc,BGS,BBG000RKXRQ1,1,usd,SPBXM
Qualtrics International Inc.,XM,BBG00M9BHPZ5,1,usd,SPBXM
Progress Software Corp,PRGS,BBG000C4QP94,1,usd,SPBXM
Dollar Tree,DLTR,BBG000BSC0K9,1,usd,SPBXM
WESCO International Inc,WCC,BBG000D0FNV3,1,usd,SPBXM
Garrett Motion Inc,GTX,BBG00HY28P97,1,usd,SPBXM
Performance Food Group Co,PFGC,BBG009XW2WB8,1,usd,SPBXM
Chegg Inc,CHGG,BBG0014XR0N5,1,usd,SPBXM
Capital One,COF,BBG000BGKTF9,1,usd,SPBXM
OrthoPediatrics Corp,KIDS,BBG00HFFRW39,1,usd,SPBXM
Lowe's,LOW,BBG000BNDN65,1,usd,SPBXM
Ameriprise Financial,AMP,BBG000G3QLY3,1,usd,SPBXM
Магнит,MGNT,BBG004RVFCY3,1,rub,TQBR
СОЛЛЕРС,SVAV,BBG004S68JR8,10,rub,TQBR
AutoZone,AZO,BBG000C7LMS8,1,usd,SPBXM
ГДР Kaspi.kz JSC,KSPI@GS,BBG00XV2T033,1,usd,SPBXM
PROG Holdings,PRG,BBG00VSH86G4,1,usd,SPBXM
Arbor Realty Trust REIT,ABR,BBG000KMVDV1,1,usd,SPBXM
Arrival,ARVL,BBG00YFSF9D7,1,usd,SPBXM
PetIQ Inc,PETQ,BBG00H1CY328,1,usd,SPBXM
Goldman Sachs,GS,BBG000C6CFJ5,1,usd,SPBXM
PPG Industries,PPG,BBG000BRJ809,1,usd,SPBXM
MKS Instruments,MKSI,BBG000BVMG26,1,usd,SPBXM
The Charles Schwab Corporation,SCHW,BBG000BSLZY7,1,usd,SPBXM
Wynn Resorts,WYNN,BBG000LD9JQ8,1,usd,SPBXM
Radian Group,RDN,BBG000BMWV95,1,usd,SPBXM
Moody's,MCO,BBG000F86GP6,1,usd,SPBXM
Concentrix Corporation,CNXC,BBG00RCNQMX3,1,usd,SPBXM
Farfetch Ltd,FTCH,BBG00LSD4456,1,usd,SPBXM
Brunswick Corp DE,BC,BBG000BCWSS3,1,usd,SPBXM
S&P Global,SPGI,BBG000BP1Q11,1,usd,SPBXM
Dr. Reddy's Laboratories,RDY,BBG000NJ96L6,1,usd,SPBXM
Albemarle,ALB,BBG000BJ26K7,1,usd,SPBXM
СПБ Биржа,SPBE,BBG002GHV6L9,1,rub,SPBRU
MercadoLibre Inc,MELI,BBG000GQPB11,1,usd,SPBXM
CSW Industrials Inc,CSWI,BBG007NLG4L3,1,usd,SPBXM
Under Armour,UAA,BBG000BXM6V2,1,usd,SPBXM
Novolipetsk Steel PJSC,NLMK@GS,BBG000PR0PJ6,1,usd,SPBXM
Union Pacific Corporation,UNP,BBG000BW3299,1,usd,SPBXM
Intellia Therapeutics Inc,NTLA,BBG007KC7PB0,1,usd,SPBXM
"First Financial Bankshares, Inc.",FFIN,BBG000BL8476,1,usd,SPBXM
Encore Capital Group Inc,ECPG,BBG000F369C7,1,usd,SPBXM
Covetrus Inc,CVET,BBG00KR691K8,1,usd,SPBXM
Hartford Financial Services,HIG,BBG000G0Z878,1,usd,SPBXM
Science Applications Internati,SAIC,BBG003BW05K6,1,usd,SPBXM
Waters,WAT,BBG000FQRVM3,1,usd,SPBXM
Arch Capital Group,ACGL,BBG000HXNN20,1,usd,SPBXM
SiTime,SITM,BBG00QNSY1H7,1,usd,SPBXM
Realty Income REIT,O,BBG000DHPN63,1,usd,SPBXM
CDW Corp,CDW,BBG001P63B80,1,usd,SPBXM
Quest Diagnostics,DGX,BBG000BN84F3,1,usd,SPBXM
Zoom Video Communications Inc,ZM,BBG0042V6JM8,1,usd,SPBXM
Universal Health Services,UHS,BBG000CB8Q50,1,usd,SPBXM
Cardiovascular Systems Inc,CSII,BBG000NWQ9S5,1,usd,SPBXM
Harley-Davidson,HOG,BBG000BKZTP3,1,usd,SPBXM
Welltower REIT,WELL,BBG000BKY1G5,1,usd,SPBXM
Power Integrations Inc,POWI,BBG000BTT3D1,1,usd,SPBXM
Kontoor Brands Inc,KTB,BBG00LPTHYD5,1,usd,SPBXM
Penske Automotive Group,PAG,BBG000H6K1B0,1,usd,SPBXM
Medifast Inc,MED,BBG000BWBW76,1,usd,SPBXM
UGI Corp,UGI,BBG000BVYN55,1,usd,SPBXM
Schlumberger,SLB,BBG000BT41Q8,1,usd,SPBXM
LivePerson Inc,LPSN,BBG000BSV0W5,1,usd,SPBXM
Polyus PJSC,PLZL@GS,BBG00H2CS6K7,1,usd,SPBXM
Toyota Motor Corp,TM,BBG000BPH299,1,usd,SPBXM
GitLab,GTLB,BBG00DHTYPH8,1,usd,SPBXM
Boston Properties REIT,BXP,BBG000BS5CM9,1,usd,SPBXM
TE Connectivity,TEL,BBG000RGM5P1,1,usd,SPBXM
Edison International,EIX,BBG000D7RKJ5,1,usd,SPBXM
JB Hunt,JBHT,BBG000BMDBZ1,1,usd,SPBXM
Old Dominion Freight Line Inc,ODFL,BBG000CHSS88,1,usd,SPBXM
New Relic Inc,NEWR,BBG001NFKJ68,1,usd,SPBXM
Axsome Therapeutics Inc,AXSM,BBG00B6G7GL7,1,usd,SPBXM
FuelCell Energy,FCEL,BBG000HQ1LB3,1,usd,SPBXM
Sberbank of Russia PJSC,SBER@GS,BBG001VBZR00,1,usd,SPBXM
Perficient Inc,PRFT,BBG000BVXFK6,1,usd,SPBXM
"Virtu Financial, Inc.",VIRT,BBG0064N2T78,1,usd,SPBXM
Обувь России,ORUP,BBG001BBGNS2,10,rub,TQPI
Ashland Inc,ASH,BBG00D0Y81M1,1,usd,SPBXM
Gevo,GEVO,BBG000P7S7L7,1,usd,SPBXM
"Airbnb, Inc",ABNB,BBG001Y2XS07,1,usd,SPBXM
ГДР Etalon Group PLC,ETLN,BBG001M2SC01,1,rub,TQBR
Energy Transfer LP,ET,BBG000BM2FL9,1,usd,SPBXM
Axon Enterprise Inc,AXON,BBG000BHJWG1,1,usd,SPBXM
Annaly Capital Management REIT,NLY,BBG000BJFJ98,1,usd,SPBXM
Appian Corp,APPN,BBG001C7PMJ2,1,usd,SPBXM
Tencent Holdings,700,BBG000BJ35N5,1,hkd,SPBHKEX
"PriceSmart, Inc.",PSMT,BBG000BTKR92,1,usd,SPBXM
Varex Imaging Corp,VREX,BBG00CZNLR47,1,usd,SPBXM
Trimble Inc,TRMB,BBG000BNPS52,1,usd,SPBXM
Warner Bros. Discovery,WBD,BBG011386VF4,1,usd,SPBXM
Ross Stores,ROST,BBG000BSBZH7,1,usd,SPBXM
Cintas,CTAS,BBG000H3YXF8,1,usd,SPBXM
Shopify Inc,SHOP,BBG008HBD923,1,usd,SPBXM
Coty,COTY,BBG000F395V1,1,usd,SPBXM
Integer Holdings Corp,ITGR,BBG000BW6JV4,1,usd,SPBXM
Yum!,YUM,BBG000BH3GZ2,1,usd,SPBXM
Timken Co The,TKR,BBG000BV95H9,1,usd,SPBXM
Healthcare Services Group Inc,HCSG,BBG000BKYVF0,1,usd,SPBXM
Ростелеком - Привилегированные акции,RTKMP,BBG004S685M3,10,rub,TQBR
HB Fuller Co,FUL,BBG000BJZ7V7,1,usd,SPBXM
Городские Инновационные Технологии,GRNT,BBG00B8NN386,100,rub,TQPI
United medical group,GEMC,BBG011MCM288,1,rub,TQBR
Skillz Inc,SKLZ,BBG00RQ732B6,1,usd,SPBXM
Alarm com Holdings Inc,ALRM,BBG007GNPYY7,1,usd,SPBXM
InsperIty Inc,NSP,BBG000BJ41X2,1,usd,SPBXM
TCR2 Therapeutics Inc,TCRR,BBG00FH3FM15,1,usd,SPBXM
Progressive,PGR,BBG000BR37X2,1,usd,SPBXM
Tabula Rasa HealthCare In,TRHC,BBG00BT7PPY8,1,usd,SPBXM
Kilroy Realty Corp REIT,KRC,BBG000BLMXN8,1,usd,SPBXM
California Water Service,CWT,BBG000D8KTN6,1,usd,SPBXM
ПАО «КАЗАНЬОРГСИНТЕЗ» - акции привилегированные,KZOSP,BBG0029SG1C1,10,rub,TQBR
American Express,AXP,BBG000BCQZS4,1,usd,SPBXM
Agilent Technologies,A,BBG000C2V3D6,1,usd,SPBXM
Emergent BioSolutions Inc,EBS,BBG000GW06J7,1,usd,SPBXM
Camden Property REIT,CPT,BBG000BB0V03,1,usd,SPBXM
Wayfair Inc,W,BBG001B17MV2,1,usd,SPBXM
Hologic,HOLX,BBG000C3NTN5,1,usd,SPBXM
Anika Therapeutics Inc,ANIK,BBG000BBKZD8,1,usd,SPBXM
Greif Inc,GEF,BBG000BLFNC0,1,usd,SPBXM
Lockheed Martin,LMT,BBG000C1BW00,1,usd,SPBXM
Freshpet Inc,FRPT,BBG001D0HB36,1,usd,SPBXM
Taylor Morrison Home Corp,TMHC,BBG003PGJHP5,1,usd,SPBXM
Blackstone Mortgage Trust REIT,BXMT,BBG000BGKJ70,1,usd,SPBXM
Snowflake Inc,SNOW,BBG007DHGNJ4,1,usd,SPBXM
"UiPath, Inc.",PATH,BBG00GKS1G03,1,usd,SPBXM
Sally Beauty Holdings Inc,SBH,BBG000LR8515,1,usd,SPBXM
ConocoPhillips,COP,BBG000BQQH30,1,usd,SPBXM
Zebra Technologies Corp,ZBRA,BBG000CC7LQ7,1,usd,SPBXM
Academy Sports & Outdoors,ASO,BBG00X7L1C14,1,usd,SPBXM
CoreCivic,CXW,BBG000BJSJT2,1,usd,SPBXM
"Steven Madden, Ltd.",SHOO,BBG000BLV2Q3,1,usd,SPBXM
"V2X, Inc.",VVX,BBG005PG80K4,1,usd,SPBXM
"Goosehead Insurance, Inc.",GSHD,BBG00KHHBMC5,1,usd,SPBXM
Builders FirstSource Inc,BLDR,BBG000BKD3K9,1,usd,SPBXM
Aerojet Rocketdyne Holdings In,AJRD,BBG000BKRHQ7,1,usd,SPBXM
Diodes Inc,DIOD,BBG000G25P51,1,usd,SPBXM
CSG Systems International Inc,CSGS,BBG000G3TQV2,1,usd,SPBXM
Affimed NV,AFMD,BBG006R5SSH5,1,usd,SPBXM
Hillenbrand,HI,BBG000KT0GV3,1,usd,SPBXM
Proto Labs Inc,PRLB,BBG000BT13B3,1,usd,SPBXM
Zoetis,ZTS,BBG0039320N9,1,usd,SPBXM
КАМАЗ,KMAZ,BBG000LNHHJ9,10,rub,TQBR
Agnico Eagle Mines,AEM,BBG000DLVDK3,1,usd,SPBXM
Intuit,INTU,BBG000BH5DV1,1,usd,SPBXM
BellRing Brands,BRBR,BBG013QNJHP8,1,usd,SPBXM
ПАО «КАЗАНЬОРГСИНТЕЗ»,KZOS,BBG0029SFXB3,10,rub,TQBR
C.H. Robinson Worldwide,CHRW,BBG000BTCH57,1,usd,SPBXM
Old Republic International Corporation,ORI,BBG000C4PLF7,1,usd,SPBXM
Barrett Business Services Inc,BBSI,BBG000BHJSC4,1,usd,SPBXM
LiveRamp Holdings Inc,RAMP,BBG000BB4HM6,1,usd,SPBXM
Lennox International Inc,LII,BBG000BB5B84,1,usd,SPBXM
Fix Price Group,FIXP,BBG00ZHCX1X2,1,rub,TQBR
Electronic Arts,EA,BBG000BP0KQ8,1,usd,SPBXM
VK,VKCO,BBG00178PGX3,1,rub,TQBR
Pacific Biosciences of California,PACB,BBG000QKXH20,1,usd,SPBXM
CareDx Inc,CDNA,BBG006JS5785,1,usd,SPBXM
SK Telecom Co.,SKM,BBG000BLN497,1,usd,SPBXM
Meritor Inc,MTOR,BBG000BH92D1,1,usd,SPBXM
PepsiCo,PEP,BBG000DH7JK6,1,usd,SPBXM
IAC Inc,IAC,BBG00S1LR2C3,1,usd,SPBXM
Tucows Inc,TCX,BBG000L69KL5,1,usd,SPBXM
Molina Healthcare Inc,MOH,BBG000MBHNC8,1,usd,SPBXM
ФосАгро,PHOR,BBG004S689R0,1,rub,TQBR
Duluth Holdings Inc,DLTH,BBG002GBMZG4,1,usd,SPBXM
Regal Rexnord,RRX,BBG000BRXTR8,1,usd,SPBXM
OraSure Technologies Inc,OSUR,BBG000J3D1Y8,1,usd,SPBXM
O'Reilly Automotive,ORLY,BBG000BGYWY6,1,usd,SPBXM
AAR Corp,AIR,BBG000BBGQF1,1,usd,SPBXM
Avanos Medical Inc,AVNS,BBG005L86G05,1,usd,SPBXM
CBRE Group,CBRE,BBG000C04224,1,usd,SPBXM
Duke Energy Corp,DUK,BBG000BHGDH5,1,usd,SPBXM
Henkel AG & Co,HEN3@DE,BBG000BC3BJ2,1,eur,SPBDE
BWX Technologies,BWXT,BBG000D86F25,1,usd,SPBXM
Madison Square Garden Co,MSGS,BBG007FG0C23,1,usd,SPBXM
Reliance Steel & Aluminum Co,RS,BBG000CJ2181,1,usd,SPBXM
Sangamo Therapeutics,SGMO,BBG000BHYT80,1,usd,SPBXM
M/I Homes Inc,MHO,BBG000BL9MZ4,1,usd,SPBXM
Cummins,CMI,BBG000BGPTV6,1,usd,SPBXM
CarParts.com,PRTS,BBG000N26V95,1,usd,SPBXM
Cardinal Health,CAH,BBG000D898T9,1,usd,SPBXM
Ultra Clean Holdings Inc,UCTT,BBG000HSLV70,1,usd,SPBXM
Raytheon Technologies,RTX,BBG000BW8S60,1,usd,SPBXM
Q2 Holdings Inc,QTWO,BBG005ZVK9P2,1,usd,SPBXM
Ulta Beauty,ULTA,BBG00FWQ4VD6,1,usd,SPBXM
Valmont Industries,VMI,BBG000BWB7V4,1,usd,SPBXM
VeriSign,VRSN,BBG000BGKHZ3,1,usd,SPBXM
AbbVie,ABBV,BBG0025Y4RY4,1,usd,SPBXM
KeyCorp,KEY,BBG000BMQPL1,1,usd,SPBXM
Лензолото,LNZL,BBG000SK7JS5,1,rub,TQBR
Alamo Group Inc.,ALG,BBG000BJTZX0,1,usd,SPBXM
TransDigm,TDG,BBG000L8CBX4,1,usd,SPBXM
Children's Place Inc The,PLCE,BBG000JK9DK4,1,usd,SPBXM
CACI International,CACI,BBG000KQY8Y7,1,usd,SPBXM
Lear Corp,LEA,BBG000PTLGZ1,1,usd,SPBXM
Vistra,VST,BBG00DXDL6Q1,1,usd,SPBXM
МГТС - акции привилегированные,MGTSP,BBG000PZ0833,1,rub,TQBR
Zurn Elkay Water Solutions,ZWS,BBG000H8R0N8,1,usd,SPBXM
Watts Water Technologies Inc,WTS,BBG000C4Z6C2,1,usd,SPBXM
OGE Energy Corp.,OGE,BBG000BQGLS5,1,usd,SPBXM
Volkswagen AG,VOW3@DE,BBG000BFCS17,1,eur,SPBDE
John B Sanfilippo & Son Inc,JBSS,BBG000CHPMY5,1,usd,SPBXM
TuSimple Holdings,TSP,BBG00ZSDS6T8,1,usd,SPBXM
Packaging Corp of America,PKG,BBG000BB8SW7,1,usd,SPBXM
DermTech,DMTK,BBG00H19F184,1,usd,SPBXM
Deutsche Bank AG,DBK@DE,BBG000BBZW12,1,eur,SPBDE
MongoDB Inc,MDB,BBG0022FDRY8,1,usd,SPBXM
Nokia,NOK,BBG000BNGBW9,1,usd,SPBXM
Wyndham Hotels & Resorts,WH,BBG00HCY3Q67,1,usd,SPBXM
UDR REIT,UDR,BBG000C41023,1,usd,SPBXM
BlackRock,BLK,BBG000C2PW58,1,usd,SPBXM
Wells Fargo & Company,WFC,BBG000BWQFY7,1,usd,SPBXM
Селигдар,SELG,BBG002458LF8,10,rub,TQBR
ONEOK,OKE,BBG000BQHGR6,1,usd,SPBXM
SVB Financial Group,SIVB,BBG000BT0CM2,1,usd,SPBXM
Omnicom Group,OMC,BBG000BS9489,1,usd,SPBXM
Zynex Inc,ZYXI,BBG000BJBXZ2,1,usd,SPBXM
USANA Health Sciences Inc,USNA,BBG000BX28M0,1,usd,SPBXM
AGCO Corp,AGCO,BBG000DCCZW2,1,usd,SPBXM
Hexcel Corp,HXL,BBG000BLMDQ9,1,usd,SPBXM
ROBLOX Corp,RBLX,BBG001R1GCT0,1,usd,SPBXM
Vail Resorts Inc,MTN,BBG000BCMWM1,1,usd,SPBXM
InterDigital,IDCC,BBG000HLJ7M4,1,usd,SPBXM
Nicolet Bankshares,NIC,BBG000QK0TG5,1,usd,SPBXM
Royal Caribbean Cruises,RCL,BBG000BB5792,1,usd,SPBXM
National Oilwell Varco,NOV,BBG000BJX8C8,1,usd,SPBXM
Toast,TOST,BBG00BTJVK94,1,usd,SPBXM
Astra Space,ASTR,BBG00W7FG4V8,1,usd,SPBXM
Howmet Aerospace,HWM,BBG00DYNJGH9,1,usd,SPBXM
TaskUs,TASK,BBG009CL6VK3,1,usd,SPBXM
Reata Pharmaceuticals Inc,RETA,BBG000R33BD1,1,usd,SPBXM
Avalara Inc,AVLR,BBG000R4Y9C1,1,usd,SPBXM
Innospec,IOSP,BBG000BMFNP4,1,usd,SPBXM
2U Inc,TWOU,BBG001KS9450,1,usd,SPBXM
РусАгро,AGRO,BBG007N0Z367,1,rub,TQBR
Alphabet Class A,GOOGL,BBG009S39JX6,1,usd,SPBXM
Innovative Industrial Properties REIT,IIPR,BBG00F0SW7N8,1,usd,SPBXM
TAL Education Group,TAL,BBG0016XJ8S0,1,usd,SPBXM
G1 Therapeutics Inc,GTHX,BBG005F1DK91,1,usd,SPBXM
Татнефть - привилегированные акции,TATNP,BBG004S68829,1,rub,TQBR
Murphy Oil,MUR,BBG000BPMH90,1,usd,SPBXM
Nasdaq,NDAQ,BBG000F5VVB6,1,usd,SPBXM
Allogene Therapeutics Inc,ALLO,BBG00KHRRDX3,1,usd,SPBXM
Adidas,ADS@DE,BBG000FR1RP5,1,eur,SPBDE
A. O. Smith Corporation,AOS,BBG000BC1L02,1,usd,SPBXM
VEON,VEON-RX,BBG00R4Z2NT4,10,rub,TQBR
Avery Dennison,AVY,BBG000BCQ4P6,1,usd,SPBXM
Chubb,CB,BBG000BR14K5,1,usd,SPBXM
Elastic NV,ESTC,BBG00LWZDYB9,1,usd,SPBXM
Cryoport,CYRX,BBG000PNTXP0,1,usd,SPBXM
Block,SQ,BBG0018SLC07,1,usd,SPBXM
Universal Display Corp,OLED,BBG000BLRP41,1,usd,SPBXM
DaVita HealthCare Partners,DVA,BBG000MQ1SN9,1,usd,SPBXM
1-800-Flowers.com Inc,FLWS,BBG000BBR9P6,1,usd,SPBXM
Ormat Technologies,ORA,BBG000Q5BQ63,1,usd,SPBXM
Copart Inc,CPRT,BBG000BM9RH1,1,usd,SPBXM
Carlisle Companies Incorporated,CSL,BBG000BGGBT8,1,usd,SPBXM
Jones Lang LaSalle Inc,JLL,BBG000C2L2L0,1,usd,SPBXM
Ferrari N.V.,RACE,BBG009PH3Q86,1,usd,SPBXM
Affirm Holdings,AFRM,BBG00Y7BP8Y1,1,usd,SPBXM
Mativ Holdings,MATV,BBG000C3CWZ7,1,usd,SPBXM
Deckers Outdoor Corp,DECK,BBG000BKXYX5,1,usd,SPBXM
Automatic Data Processing,ADP,BBG000JG0547,1,usd,SPBXM
New York Times,NYT,BBG000FFC0B3,1,usd,SPBXM
Legacy Housing Corp,LEGH,BBG00MJDR6J9,1,usd,SPBXM
Stanley Black & Decker,SWK,BBG000BTQR96,1,usd,SPBXM
Morgan Stanley,MS,BBG000BLZRJ2,1,usd,SPBXM
Mosaic,MOS,BBG000BFXHL6,1,usd,SPBXM
Casella Waste Systems,CWST,BBG000BT0J38,1,usd,SPBXM
ResMed Inc,RMD,BBG000L4M7F1,1,usd,SPBXM
FARO Technologies Inc,FARO,BBG000BJD7C2,1,usd,SPBXM
Белон,BLNG,BBG000VQWH86,100,rub,TQBR
Everbridge Inc,EVBG,BBG0022FMPD5,1,usd,SPBXM
Nevro,NVRO,BBG001K61W36,1,usd,SPBXM
Masimo Corporation,MASI,BBG000C3W281,1,usd,SPBXM
Abercrombie & Fitch,ANF,BBG000H9G7X2,1,usd,SPBXM
ONE Gas,OGS,BBG004WQKD07,1,usd,SPBXM
Graco,GGG,BBG000BK9W84,1,usd,SPBXM
Riskified,RSKD,BBG011P2TCH8,1,usd,SPBXM
IDEXX,IDXX,BBG000BLRT07,1,usd,SPBXM
First Solar,FSLR,BBG000BFL116,1,usd,SPBXM
CMC Materials,CCMP,BBG000BP3NW2,1,usd,SPBXM
"Coursera, Inc.",COUR,BBG002WLDMW5,1,usd,SPBXM
Yext Inc,YEXT,BBG001MKZGY7,1,usd,SPBXM
WD-40 Co,WDFC,BBG000BWNV93,1,usd,SPBXM
Plug Power Inc,PLUG,BBG000C1XSP8,1,usd,SPBXM
Kyndryl Holdings,KD,BBG012W99DN6,1,usd,SPBXM
Columbia Banking System,COLB,BBG000CTGXS2,1,usd,SPBXM
West Pharmaceutical Services I,WST,BBG000BX24N8,1,usd,SPBXM
United Therapeutics Corp,UTHR,BBG000BV4XJ1,1,usd,SPBXM
Covestro AG,1COV@DE,BBG00DW0PN34,1,eur,SPBDE
Pennant Group Inc,PNTG,BBG00P33SY72,1,usd,SPBXM
Fluor,FLR,BBG000BB1TH9,1,usd,SPBXM
FleetCor Technologies Inc,FLT,BBG000GPXKX9,1,usd,SPBXM
Pediatrix Medical Group,MD,BBG000H8LGK2,1,usd,SPBXM
M.D.C. Holdings,MDC,BBG000BNTTY4,1,usd,SPBXM
NV5 Global Inc,NVEE,BBG005BT60Y8,1,usd,SPBXM
Manchester United Plc,MANU,BBG0035WV4N9,1,usd,SPBXM
Rent-A-Center,RCII,BBG000BHQJX3,1,usd,SPBXM
Eastman Chemical Company,EMN,BBG000BLW530,1,usd,SPBXM
Graphic Packaging Holding Company,GPK,BBG000GQ7K93,1,usd,SPBXM
VMware,VMW,BBG000BC9938,1,usd,SPBXM
YETI Holdings Inc,YETI,BBG00D8JC882,1,usd,SPBXM
Heritage-Crystal Clean Inc,HCCI,BBG000CCFB17,1,usd,SPBXM
N-able,NABL,BBG00YJKWXD8,1,usd,SPBXM
HeadHunter Group PLC,HHR,BBG00KHGQ0H4,1,usd,SPBXM
Zentalis Pharmaceuticals,ZNTL,BBG00R2K8TF5,1,usd,SPBXM
Arrow Electronics Inc,ARW,BBG000BCD3D5,1,usd,SPBXM
FirstCash,FCFS,BBG0145KL747,1,usd,SPBXM
Workday Inc,WDAY,BBG000VC0T95,1,usd,SPBXM
Focus Financial Partners Inc,FOCS,BBG00L0YTFN8,1,usd,SPBXM
Archer-Daniels-Midland Company,ADM,BBG000BB6WG8,1,usd,SPBXM
Novatek PJSC,NVTK@GS,BBG000QY6FL3,1,usd,SPBXM
Gap,GPS,BBG000BKLH74,1,usd,SPBXM
Rayonier REIT,RYN,BBG000BG7L34,1,usd,SPBXM
Under Armour (C),UA,BBG009DTD8H2,1,usd,SPBXM
Exxon Mobil Corporation,XOM,BBG000GZQ728,1,usd,SPBXM
Embecta,EMBC,BBG014L7D4G1,1,usd,SPBXM
Магнитогорский металлургический комбинат,MAGN,BBG004S68507,10,rub,TQBR
Банк ВТБ,VTBR,BBG004730ZJ9,10000,rub,TQBR
Lumen Technologies,LUMN,BBG000BGLRN3,1,usd,SPBXM
Warner Music Group,WMG,BBG00RP2T9T6,1,usd,SPBXM
Deutsche Boerse AG,DB1@DE,BBG000D54HT0,1,eur,SPBDE
ГК Самолет,SMLT,BBG00F6NKQX3,1,rub,TQBR
China Eastern Airlines,CEA,BBG000BCFNR4,1,usd,SPBXM
Mattel,MAT,BBG000BNNYW1,1,usd,SPBXM
CONMED Corporation,CNMD,BBG000BFZVH8,1,usd,SPBXM
World Acceptance Corp,WRLD,BBG000C3G9J2,1,usd,SPBXM
Vista Outdoor,VSTO,BBG006F8QZK4,1,usd,SPBXM
Arcturus Therapeutics Holdings,ARCT,BBG00NNW8JK1,1,usd,SPBXM
Littelfuse,LFUS,BBG000BGFGT8,1,usd,SPBXM
Cassava Sciences,SAVA,BBG000BK9YW3,1,usd,SPBXM
"Tri Pointe Homes, Inc.",TPH,BBG0016YQTR5,1,usd,SPBXM
Avient Corporation,AVNT,BBG000C8NJ10,1,usd,SPBXM
"South Jersey Industries, Inc",SJI,BBG000BT0T72,1,usd,SPBXM
The Estee Lauder Companies,EL,BBG000FKJRC5,1,usd,SPBXM
Advance Auto Parts,AAP,BBG000F7RCJ1,1,usd,SPBXM
KnowBe4,KNBE,BBG00C4DL9L4,1,usd,SPBXM
Башнефть,BANE,BBG004S68758,1,rub,TQBR
ICON plc,ICLR,BBG000CTSZQ6,1,usd,SPBXM
Twist Bioscience,TWST,BBG006KDCHJ4,1,usd,SPBXM
Graham Holdings Co,GHC,BBG000C3FGH9,1,usd,SPBXM
Aon,AON,BBG00SSQFPK6,1,usd,SPBXM
Trade Desk Inc/The,TTD,BBG00629NGT2,1,usd,SPBXM
Аэрофлот,AFLT,BBG004S683W7,10,rub,TQBR
Equifax,EFX,BBG000BHPL78,1,usd,SPBXM
QuantumScape Corporation,QS,BBG00VJ17DS2,1,usd,SPBXM
McCormick & Co,MKC,BBG000G6Y5W4,1,usd,SPBXM
McKesson,MCK,BBG000DYGNW7,1,usd,SPBXM
Rapid7 Inc,RPD,BBG009DFHWG6,1,usd,SPBXM
АДР Циан,CIAN,BBG012YQ6P43,1,rub,TQBR
Trupanion Inc,TRUP,BBG002BC7WC5,1,usd,SPBXM
Vitesco Technologies Group AG,VTSC@DE,BBG00ZVC67K7,1,eur,SPBDE
Mohawk Industries,MHK,BBG000FLZN98,1,usd,SPBXM
Mastercard,MA,BBG000F1ZSQ2,1,usd,SPBXM
РУСАЛ,RUAL,BBG008F2T3T2,10,rub,TQBR
PDC Energy,PDCE,BBG000BR1KR2,1,usd,SPBXM
AtriCure,ATRC,BBG000BL6CB5,1,usd,SPBXM
НКХП,NKHP,BBG00BGKYH17,10,rub,TQBR
Smartsheet Inc,SMAR,BBG00GQK3WB5,1,usd,SPBXM
Global-E Online Ltd,GLBE,BBG00ZKY1P71,1,usd,SPBXM
Coherent Corp,COHR,BBG000BLW102,1,usd,SPBXM
Dynatrace Inc,DT,BBG00PNN7C40,1,usd,SPBXM
SBA Communications REIT,SBAC,BBG000D2M0Z7,1,usd,SPBXM
Fresenius Medical Care AG & Co,FME@DE,BBG000DHXTF1,1,eur,SPBDE
Selective Insurance Group,SIGI,BBG000BSZ738,1,usd,SPBXM
American States Water Co,AWR,BBG000F964B6,1,usd,SPBXM
Gaming and Leisure Properties REIT,GLPI,BBG003MSMCS6,1,usd,SPBXM
Hamilton Lane Incorporated,HLNE,BBG00FX58Q66,1,usd,SPBXM
NMI Holdings Inc,NMIH,BBG005DLMMZ6,1,usd,SPBXM
Berkeley Lights,BLI,BBG00HJ8K617,1,usd,SPBXM
Overstock.com,OSTK,BBG000BF7BV7,1,usd,SPBXM
Livent Corporation,LTHM,BBG00LV3NRG0,1,usd,SPBXM
Monday.Com,MNDY,BBG00GF8K4W4,1,usd,SPBXM
Compugen,CGEN,BBG000B9ZLB0,1,usd,SPBXM
"Intra-Cellular Therapies, Inc",ITCI,BBG0026ZFZC4,1,usd,SPBXM
America's Car-Mart Inc TX,CRMT,BBG000CM6L31,1,usd,SPBXM
Advanced Energy Industries Inc,AEIS,BBG000FKMP26,1,usd,SPBXM
Toll Brothers Inc,TOL,BBG000BVHBM1,1,usd,SPBXM
Simon Property Group REIT,SPG,BBG000BJ2D31,1,usd,SPBXM
NVR Inc,NVR,BBG000BQBYR3,1,usd,SPBXM
EverQuote,EVER,BBG00F17NDH7,1,usd,SPBXM
American Water Works,AWK,BBG000TRJ294,1,usd,SPBXM
Catalent Inc,CTLT,BBG005XR47P5,1,usd,SPBXM
Berry Global Group Inc,BERY,BBG000Q1R1Y9,1,usd,SPBXM
Stepan Company,SCL,BBG000BSMFN2,1,usd,SPBXM
Commercial Metals Company,CMC,BBG000BFSND8,1,usd,SPBXM
Whirlpool,WHR,BBG000BWSV34,1,usd,SPBXM
BOEING,BA,BBG000BCSST7,1,usd,SPBXM
Bottomline Technologies DE Inc,EPAY,BBG000BRNH31,1,usd,SPBXM
DoorDash,DASH,BBG005D7QCJ3,1,usd,SPBXM
Globus Medical Inc,GMED,BBG002V87SD0,1,usd,SPBXM
Truist Financial Corporation,TFC,BBG000BYYLS8,1,usd,SPBXM
HF Sinclair Corporation,DINO,BBG0135B2214,1,usd,SPBXM
HUGO BOSS AG,BOSS@DE,BBG000BD0GG5,1,eur,SPBDE
Brinker International Inc,EAT,BBG000BK28N7,1,usd,SPBXM
ACADIA Pharmaceuticals Inc,ACAD,BBG000BHG9K0,1,usd,SPBXM
NuVasive Inc,NUVA,BBG000LNL298,1,usd,SPBXM
Сбер Банк,SBER,BBG004730N88,10,rub,TQBR
Snap Inc,SNAP,BBG00441QMJ7,1,usd,SPBXM
Taiwan Semiconductor Manufacturing,TSM,BBG000BD8ZK0,1,usd,SPBXM
Simulations Plus Inc.,SLP,BBG000BS2ZD1,1,usd,SPBXM
Change Healthcare Inc,CHNG,BBG0059KNH10,1,usd,SPBXM
Campbell Soup,CPB,BBG000BG4202,1,usd,SPBXM
Vertiv Holdings Co,VRT,BBG00L2B8KW8,1,usd,SPBXM
Church & Dwight,CHD,BBG000BFJT36,1,usd,SPBXM
Bath & Body Works,BBWI,BBG000BNGTQ7,1,usd,SPBXM
AMC Networks Inc,AMCX,BBG000H01H92,1,usd,SPBXM
Sunrun Inc,RUN,BBG0025XVR85,1,usd,SPBXM
Akamai Technologies,AKAM,BBG000BJQWD2,1,usd,SPBXM
Progyny Inc,PGNY,BBG002H1K1H1,1,usd,SPBXM
Spire Inc.,SR,BBG000BN6KG8,1,usd,SPBXM
Sempra Energy,SRE,BBG000C2ZCH8,1,usd,SPBXM
IBM,IBM,BBG000BLNNH6,1,usd,SPBXM
Sunnova Energy International,NOVA,BBG00PLQ1JR1,1,usd,SPBXM
Zumiez Inc,ZUMZ,BBG000PYX812,1,usd,SPBXM
T-Mobile US Inc,TMUS,BBG000NDV1D4,1,usd,SPBXM
Thomson Reuters Corporation,TRI,BBG000BBS9F6,1,usd,SPBXM
Topgolf Callaway Brands,MODG,BBG000CPCVY1,1,usd,SPBXM
Veoneer Inc,VNE,BBG00K4MPP27,1,usd,SPBXM
United States Cellular Corp,USM,BBG000BW6P59,1,usd,SPBXM
Zynerba Pharmaceuticals Inc,ZYNE,BBG007BBS8B7,1,usd,SPBXM
Asbury Automotive Group Inc,ABG,BBG000BKDWB5,1,usd,SPBXM
"Marvell Technology, Inc.",MRVL,BBG00ZXBJ153,1,usd,SPBXM
Applied Molecular Transport,AMTI,BBG00R240WL5,1,usd,SPBXM
Red Rock Resorts,RRR,BBG00B6G8077,1,usd,SPBXM
Vericel Corp,VCEL,BBG000BDCM24,1,usd,SPBXM
AvalonBay Communities REIT,AVB,BBG000BLPBL5,1,usd,SPBXM
Itron Inc,ITRI,BBG000BD2167,1,usd,SPBXM
M&T Bank,MTB,BBG000D9KWL9,1,usd,SPBXM
Bank of Montreal,BMO,BBG000DLY9B9,1,usd,SPBXM
Honeywell,HON,BBG000H556T9,1,usd,SPBXM
Toro,TTC,BBG000BVQRY3,1,usd,SPBXM
"ACI Worldwide, Inc.",ACIW,BBG000PMBV39,1,usd,SPBXM
ESAB Corporation,ESAB,BBG0028ZMP45,1,usd,SPBXM
AutoNation,AN,BBG000BBXLW4,1,usd,SPBXM
Sealed Air,SEE,BBG000C22QV7,1,usd,SPBXM
Мать и дитя,MDMG,BBG00Y3XYV94,1,rub,TQBR
AT&T,T,BBG000BSJK37,1,usd,SPBXM
Equitable Holdings,EQH,BBG00J7CBVW8,1,usd,SPBXM
Allegheny Technologies,ATI,BBG000LC1FS4,1,usd,SPBXM
Coinbase,COIN,BBG00ZGF7771,1,usd,SPBXM
Cleanspark Inc,CLSK,BBG001MB89V6,1,usd,SPBXM
Danimer Scientific,DNMR,BBG00S4VMQT2,1,usd,SPBXM
"ATN International, Inc",ATNI,BBG000F8RCH1,1,usd,SPBXM
Cognyte Software Ltd.,CGNT,BBG00R0ZFHV4,1,usd,SPBXM
CNH Industrial N.V.,CNHI,BBG0059JSF49,1,usd,SPBXM
Community Bank System,CBU,BBG000BF4D19,1,usd,SPBXM
Surmodics Inc,SRDX,BBG000BZ2QG2,1,usd,SPBXM
"First Citizens BancShares, Inc.",FCNCA,BBG000BJCDS3,1,usd,SPBXM
BioNTech SE,BNTX,BBG00Q70B3V1,1,usd,SPBXM
Meituan,3690,BBG00LLV9WW6,10,hkd,SPBHKEX
Русполимет,RUSP,BBG000R466J1,1000,rub,TQBR
IDEX Corp,IEX,BBG000C1HN22,1,usd,SPBXM
ГТМ,GTRK,BBG00HY6V6H5,10,rub,TQBR
М.видео,MVID,BBG004S68CP5,1,rub,TQBR
Box Inc,BOX,BBG000PMSK08,1,usd,SPBXM
Steel Dynamics Inc,STLD,BBG000HGYNZ9,1,usd,SPBXM
Arconic,ARNC,BBG00R45JYB7,1,usd,SPBXM
MarketAxess Holdings Inc,MKTX,BBG000BJBZ23,1,usd,SPBXM
Discover Financial Services,DFS,BBG000QBR5J5,1,usd,SPBXM
Silk Road Medical,SILK,BBG0026ZJRY4,1,usd,SPBXM
Enanta Pharmaceuticals Inc,ENTA,BBG001V9NSB4,1,usd,SPBXM
Inmode Ltd,INMD,BBG00PPS73P4,1,usd,SPBXM
Veracyte Inc,VCYT,BBG001J2M542,1,usd,SPBXM
Huntington Bancshares,HBAN,BBG000BKWSR6,1,usd,SPBXM
Pagerduty Inc,PD,BBG0043BYPB8,1,usd,SPBXM
Pacira BioSciences Inc,PCRX,BBG0018FQNS6,1,usd,SPBXM
LKQ Corporation,LKQ,BBG000PXDL44,1,usd,SPBXM
Pool Corp,POOL,BBG000BCVG28,1,usd,SPBXM
Webster Financial Corporation,WBS,BBG000BWMX63,1,usd,SPBXM
The Home Depot,HD,BBG000BKZB36,1,usd,SPBXM
Quotient Technology Inc,QUOT,BBG001QYNR63,1,usd,SPBXM
Beacon Roofing Supply Inc,BECN,BBG000BKTXF2,1,usd,SPBXM
Foot Locker,FL,BBG000BX8DC4,1,usd,SPBXM
Inter Parfums Inc,IPAR,BBG000GCSWR5,1,usd,SPBXM
Allianz SE,ALV@DE,BBG000BBFBD7,1,eur,SPBDE
NETGEAR Inc,NTGR,BBG000C4GBR6,1,usd,SPBXM
Inari Medical Inc,NARI,BBG009J8K7M0,1,usd,SPBXM
Severstal PJSC,SVST@GS,BBG000Q3XWC4,1,usd,SPBXM
Jacobs Solutions,J,BBG019C1BQR4,1,usd,SPBXM
Башнефть - привилегированные акции,BANEP,BBG004S686N0,1,rub,TQBR
RBC Bearings Inc,ROLL,BBG000GMGNB3,1,usd,SPBXM
Brixmor Property Group REIT,BRX,BBG001LFLZZ1,1,usd,SPBXM
Occidental Petroleum,OXY,BBG000BQQ2S6,1,usd,SPBXM
Air Products & Chemicals,APD,BBG000BC4JJ4,1,usd,SPBXM
Veritiv Corp,VRTV,BBG005XZHR97,1,usd,SPBXM
Nordson Corp,NDSN,BBG000BPWGR1,1,usd,SPBXM
Southwestern Energy,SWN,BBG000BTR593,1,usd,SPBXM
Ultragenyx Pharmaceutical Inc,RARE,BBG001RWPDW6,1,usd,SPBXM
SolarWinds Corp,SWI,BBG00M1CKSK7,1,usd,SPBXM
Cigna,CI,BBG00KXRCDP0,1,usd,SPBXM
O'Key Group SA,OKEY,BBG00172J7S9,10,rub,TQBR
Incyte,INCY,BBG000BNPSQ9,1,usd,SPBXM
АЛРОСА,ALRS,BBG004S68B31,10,rub,TQBR
MYR Group Inc,MYRG,BBG000BC7VW9,1,usd,SPBXM
Andersons Inc,ANDE,BBG000BF8CN3,1,usd,SPBXM
Shift4 Payments,FOUR,BBG00TX393L4,1,usd,SPBXM
Starbucks Corporation,SBUX,BBG000CTQBF3,1,usd,SPBXM
Global Blood Therapeutics Inc,GBT,BBG00341H6M0,1,usd,SPBXM
Bread Financial,BFH,BBG000BFNR17,1,usd,SPBXM
SYNNEX Corp,SNX,BBG000CL9JV4,1,usd,SPBXM
Microsoft Corporation,MSFT,BBG000BPH459,1,usd,SPBXM
Teradyne Inc,TER,BBG000BV4DR6,1,usd,SPBXM
Hostess Brands Inc,TWNK,BBG00B6KGNN1,1,usd,SPBXM
"UUFP Industries, Inc",UFPI,BBG000BL0T06,1,usd,SPBXM
Royal Bank of Canada,RY,BBG000BSSC44,1,usd,SPBXM
DISH Network Corp,DISH,BBG000C2YHG9,1,usd,SPBXM
Capri Holdings Limited,CPRI,BBG0029SNR63,1,usd,SPBXM
Alaska Air Group,ALK,BBG000BBL0Y1,1,usd,SPBXM
Allakos Inc,ALLK,BBG003QBJKN0,1,usd,SPBXM
Qualcomm,QCOM,BBG000CGC1X8,1,usd,SPBXM
Poshmark,POSH,BBG0029ZBN50,1,usd,SPBXM
Huntsman,HUN,BBG000NS26Q8,1,usd,SPBXM
Cracker Barrel Old Country Sto,CBRL,BBG000BF33K1,1,usd,SPBXM
Masco,MAS,BBG000BNNKG9,1,usd,SPBXM
"BankUnited, Inc.",BKU,BBG000PQPCM6,1,usd,SPBXM
Saia Inc,SAIA,BBG000P5LMQ0,1,usd,SPBXM
АДР SAP,SAP,BBG000BDSLD7,1,usd,SPBXM
Garmin,GRMN,BBG000C4LN67,1,usd,SPBXM
Magnolia Oil & Gas Corp,MGY,BBG00GNC8DL2,1,usd,SPBXM
Ping Identity Holding Corp,PING,BBG00Q3GDB13,1,usd,SPBXM
ZipRecruiter Inc,ZIP,BBG010JBYV98,1,usd,SPBXM
Markel Corp,MKL,BBG000FC7366,1,usd,SPBXM
Erie IndemnIty Co,ERIE,BBG000BBTJZ1,1,usd,SPBXM
Harsco Corp,HSC,BBG000BLH3P8,1,usd,SPBXM
Stericycle,SRCL,BBG000H3FZM6,1,usd,SPBXM
Targa Resources,TRGP,BBG0015XMW40,1,usd,SPBXM
"Becton, Dickinson and Company",BDX,BBG000BCZYD3,1,usd,SPBXM
Madison Square Garden Entertainment,MSGE,BBG00L9HLWV8,1,usd,SPBXM
Lam Research,LRCX,BBG000BNFLM9,1,usd,SPBXM
SONOS INC,SONO,BBG001JZPSQ2,1,usd,SPBXM
Cannae Holdings,CNNE,BBG00GXRNJP4,1,usd,SPBXM
Nurix Therapeutics Inc,NRIX,BBG00SDJ8M78,1,usd,SPBXM
Melco Resorts & Entertainment,MLCO,BBG000BHP8J4,1,usd,SPBXM
Procter & Gamble,PG,BBG000BR2TH3,1,usd,SPBXM
Procore Technologies,PCOR,BBG0026ZJ304,1,usd,SPBXM
Heron Therapeutics Inc,HRTX,BBG000G2GJT7,1,usd,SPBXM
State Street,STT,BBG000BKFBD7,1,usd,SPBXM
Россети Центр и Приволжье,MRKP,BBG000VG1034,10000,rub,TQBR
RWE AG,RWE@DE,BBG000BBQ209,1,eur,SPBDE
Intel Corporation,INTC,BBG000C0G1D1,1,usd,SPBXM
JELD-WEN Holding Inc,JELD,BBG0019GM953,1,usd,SPBXM
Coca-Cola Consolidated Inc,COKE,BBG000BG1SX2,1,usd,SPBXM
China Southern Airlines,ZNH,BBG000BXQ7R1,1,usd,SPBXM
"Doximity, Inc.",DOCS,BBG0026ZJQX7,1,usd,SPBXM
Texas Capital Bancshares Inc,TCBI,BBG000DN4ZT1,1,usd,SPBXM
First Industrial REIT,FR,BBG000CKGDS5,1,usd,SPBXM
Franklin Electric Co,FELE,BBG000BJGGV8,1,usd,SPBXM
Everest Re Group,RE,BBG000C1XVK6,1,usd,SPBXM
American International Group,AIG,BBG000BBDZG3,1,usd,SPBXM
Entegris Inc,ENTG,BBG000CTV4N4,1,usd,SPBXM
Cavco Industries Inc,CVCO,BBG000K4WS65,1,usd,SPBXM
Travelers Cos,TRV,BBG000BJ81C1,1,usd,SPBXM
Sonic Automotive,SAH,BBG000BBMNG0,1,usd,SPBXM
Ionis Pharmaceuticals Inc,IONS,BBG000JH6683,1,usd,SPBXM
Ecolab,ECL,BBG000BHKYH4,1,usd,SPBXM
Howard Hughes Corp,HHC,BBG000MJRJJ2,1,usd,SPBXM
Paychex Inc,PAYX,BBG000BQSQ38,1,usd,SPBXM
Совкомфлот,FLOT,BBG000R04X57,10,rub,TQBR
Dutch Bros,BROS,BBG01282ZHB3,1,usd,SPBXM
Moderna Inc,MRNA,BBG003PHHZT1,1,usd,SPBXM
Shenandoah Telecommunications,SHEN,BBG000BTC2N0,1,usd,SPBXM
EnerSys,ENS,BBG000PWTD92,1,usd,SPBXM
Oceaneering International Inc,OII,BBG000CPBCL8,1,usd,SPBXM
XPO Logistics Inc,XPO,BBG000L5CJF3,1,usd,SPBXM
Leidos Holdings,LDOS,BBG000C23PB0,1,usd,SPBXM
Splunk,SPLK,BBG001C7TST4,1,usd,SPBXM
Kopin Corporation,KOPN,BBG000C2SBZ8,1,usd,SPBXM
Apple,AAPL,BBG000B9XRY4,1,usd,SPBXM
Novartis AG,NVS,BBG000LYF3S8,1,usd,SPBXM
Waste Management,WM,BBG000BWVSR1,1,usd,SPBXM
"Bionano Genomics, Inc.",BNGO,BBG001KWWRS9,1,usd,SPBXM
Deutsche Post AG,DPW@DE,BBG000LW3NX5,1,eur,SPBDE
Allegion,ALLE,BBG003PS7JV1,1,usd,SPBXM
Atlas Air Worldwide Holdings,AAWW,BBG000Q57YP0,1,usd,SPBXM
Allegiant Travel Co,ALGT,BBG000LJS6B8,1,usd,SPBXM
Booking,BKNG,BBG000BLBVN4,1,usd,SPBXM
Пермэнергосбыт - акции привилегированные,PMSBP,BBG000MZL2S9,10,rub,TQBR
Prothena Corporation,PRTA,BBG003PDKJF7,1,usd,SPBXM
Agios Pharmaceuticals Inc,AGIO,BBG000QY4ZD0,1,usd,SPBXM
Floor & Decor Holdings Inc,FND,BBG007GJ2F81,1,usd,SPBXM
STAG Industrial REIT,STAG,BBG000BGLFP7,1,usd,SPBXM
Etsy Inc,ETSY,BBG000N7MXL8,1,usd,SPBXM
Halozyme Therapeutics Inc,HALO,BBG000CZ8W54,1,usd,SPBXM
DLocal,DLO,BBG00XGCHFV7,1,usd,SPBXM
Macy's,M,BBG000C46HM9,1,usd,SPBXM
Fidelity National Information,FIS,BBG000BK2F42,1,usd,SPBXM
Vicor Corp,VICR,BBG000C3VHF1,1,usd,SPBXM
"Hawaiian Electric Industries, Inc.",HE,BBG000BL0P40,1,usd,SPBXM
JOYY Inc,YY,BBG003H0XV18,1,usd,SPBXM
Татнефть,TATN,BBG004RVFFC0,1,rub,TQBR
NIKE,NKE,BBG000C5HS04,1,usd,SPBXM
Sysco,SYY,BBG000BTVJ25,1,usd,SPBXM
NRG Energy,NRG,BBG000D8RG11,1,usd,SPBXM
"Stride, Inc",LRN,BBG000QSXPZ9,1,usd,SPBXM
Deluxe Corp,DLX,BBG000BH6360,1,usd,SPBXM
"Frontdoor, Inc.",FTDR,BBG00H9MNDZ2,1,usd,SPBXM
Kraft Heinz,KHC,BBG005CPNTQ2,1,usd,SPBXM
ГДР X5 RetailGroup,FIVE,BBG00JXPFBN0,1,rub,TQBR
Мостотрест,MSTT,BBG004S68DD6,10,rub,TQBR
MerIt Medical Systems Inc,MMSI,BBG000C42VX0,1,usd,SPBXM
Woodward Inc,WWD,BBG000BD53V2,1,usd,SPBXM
Blackline Inc,BL,BBG0029KJVB0,1,usd,SPBXM
Aurinia Pharmaceuticals,AUPH,BBG000BCRJM5,1,usd,SPBXM
Robert Half,RHI,BBG000BS5DR2,1,usd,SPBXM
Illinois Tool Works,ITW,BBG000BMBL90,1,usd,SPBXM
Adtalem Global Education Inc,ATGE,BBG000DQBZJ7,1,usd,SPBXM
Inogen Inc,INGN,BBG0021PH456,1,usd,SPBXM
Мечел,MTLR,BBG004S68598,1,rub,TQBR
Spirit Airlines Inc,SAVE,BBG000BF6RQ9,1,usd,SPBXM
OneMain Holdings,OMF,BBG005497GZ3,1,usd,SPBXM
ContextLogic,WISH,BBG006DZTJ56,1,usd,SPBXM
Nucor,NUE,BBG000BQ8KV2,1,usd,SPBXM
Qorvo,QRVO,BBG007TJF1N7,1,usd,SPBXM
Hanover Insurance Group,THG,BBG000FJH8W0,1,usd,SPBXM
Carlyle Group,CG,BBG000BH3F20,1,usd,SPBXM
Natura & Co Holding S.A.,NTCO,BBG00R4ZKPN5,1,usd,SPBXM
Enphase Energy Inc,ENPH,BBG001R3MNY9,1,usd,SPBXM
Lithium Americas Corp.,LAC,BBG000BGM5P8,1,usd,SPBXM
LPL Financial Holdings,LPLA,BBG000P2TYL8,1,usd,SPBXM
Red River Bancshares,RRBI,BBG000QKNLB2,1,usd,SPBXM
Bill.com Holdings Inc,BILL,BBG00QVJV6V4,1,usd,SPBXM
Hyliion Holdings Corp.,HYLN,BBG00N9MJTZ9,1,usd,SPBXM
Elanco Animal Health Inc,ELAN,BBG00LJYS1P8,1,usd,SPBXM
Johnson Outdoors Inc,JOUT,BBG000HCXFS4,1,usd,SPBXM
IPG Photonics Corporation,IPGP,BBG000DCGRL8,1,usd,SPBXM
Badger Meter Inc,BMI,BBG000BDGHD9,1,usd,SPBXM
Post Holdings Inc,POST,BBG001WTBC36,1,usd,SPBXM
United Natural Foods,UNFI,BBG000BXB1M5,1,usd,SPBXM
Strategic Education Inc,STRA,BBG000GRZDV1,1,usd,SPBXM
Kaiser Aluminum Corp,KALU,BBG000PKZDX4,1,usd,SPBXM
Cerner,CERN,BBG000BFDLV8,1,usd,SPBXM
Qualys Inc,QLYS,BBG000HT5G06,1,usd,SPBXM
TTM Technologies Inc,TTMI,BBG000BYQ0B1,1,usd,SPBXM
Euronet Worldwide Inc,EEFT,BBG000BMNBY1,1,usd,SPBXM
Roper Technologies,ROP,BBG000F1ZSN5,1,usd,SPBXM
Cabot Corporation,CBT,BBG000BF3WW4,1,usd,SPBXM
Patrick Industries Inc,PATK,BBG000BQSBB2,1,usd,SPBXM
Takeda Pharmaceutical Co Ltd,TAK,BBG000LF8708,1,usd,SPBXM
Sabra Health Care REIT,SBRA,BBG000MTDW24,1,usd,SPBXM
National Western Life Group In,NWLI,BBG008HNHZ07,1,usd,SPBXM
Altice USA Inc,ATUS,BBG00GFMPRK0,1,usd,SPBXM
Cara Therapeutics Inc,CARA,BBG001J2QYS9,1,usd,SPBXM
Textron,TXT,BBG000BVVQQ8,1,usd,SPBXM
Arvinas Inc,ARVN,BBG00LW7YK82,1,usd,SPBXM
Terex Corporation,TEX,BBG000C7B436,1,usd,SPBXM
BioXcel Therapeutics,BTAI,BBG00K20GVD2,1,usd,SPBXM
Casey's General Stores Inc,CASY,BBG000BF0672,1,usd,SPBXM
SL Green REIT,SLG,BBG000BVP5P2,1,usd,SPBXM
Assurant,AIZ,BBG000BZX1N5,1,usd,SPBXM
Dick's Sporting Goods Inc,DKS,BBG000F6ZWH2,1,usd,SPBXM
Keysight Technologies Inc,KEYS,BBG0059FN811,1,usd,SPBXM
Fisker,FSR,BBG00LPWLFD4,1,usd,SPBXM
Prestige Consumer Healthcare I,PBH,BBG000QM0RZ4,1,usd,SPBXM
Nubank,NU,BBG0136WM1M4,1,usd,SPBXM
Oshkosh Corporation,OSK,BBG000CC53X1,1,usd,SPBXM
Huntington Ingalls Industries Inc,HII,BBG001KJ2HM9,1,usd,SPBXM
ОВК,UWGN,BBG008HD3V85,1,rub,TQPI
Novavax,NVAX,BBG000NVSBL7,1,usd,SPBXM
Zendesk Inc,ZEN,BBG001HRFJG4,1,usd,SPBXM
Fresenius SE,FRE@DE,BBG000BS3CD1,1,eur,SPBDE
Core Laboratories N.V.,CLB,BBG000JKCWS0,1,usd,SPBXM
WillScot Mobile Mini Holdings,WSC,BBG00B0FS947,1,usd,SPBXM
Invitation Homes REIT,INVH,BBG00FQH6BS9,1,usd,SPBXM
Alleghany Corp,Y,BBG000BX6BJ3,1,usd,SPBXM
Акрон,AKRN,BBG004S688G4,1,rub,TQBR
Sprouts Farmers Market Inc,SFM,BBG001KFKQM7,1,usd,SPBXM
MicroStrategy Inc,MSTR,BBG000GQJPZ0,1,usd,SPBXM
Sleep Number Corp,SNBR,BBG000DM2BF3,1,usd,SPBXM
Brighthouse Financial,BHF,BBG00DYPZ4T0,1,usd,SPBXM
The Beauty Health Company,SKIN,BBG00XKM1DC3,1,usd,SPBXM
American Homes 4 Rent REIT,AMH,BBG003NXJNH6,1,usd,SPBXM
Газпром,GAZP,BBG004730RP0,10,rub,TQBR
Evonik Industries AG,EVK@DE,BBG001PD3L10,1,eur,SPBDE
STAAR Surgical Co,STAA,BBG000C4QB95,1,usd,SPBXM
Huaneng Power International,HNP,BBG000BX5YM0,1,usd,SPBXM
Cognizant Technology Solutions,CTSH,BBG000BBDV81,1,usd,SPBXM
John Bean Technologies,JBT,BBG000VLBCQ1,1,usd,SPBXM
ДЭК,DVEC,BBG000V07CB8,1000,rub,TQBR
Mid-America Apartment REIT,MAA,BBG000BLMY92,1,usd,SPBXM
Ubiquiti Inc,UI,BBG001R72SR9,1,usd,SPBXM
Carter's Inc,CRI,BBG000CTM4J9,1,usd,SPBXM
Merck KGaA,MRK@DE,BBG000BX4S53,1,eur,SPBDE
CMS Energy Corporation,CMS,BBG000BFVXX0,1,usd,SPBXM
RingCentral Inc,RNG,BBG000J094P3,1,usd,SPBXM
Dycom Industries Inc,DY,BBG000C4SKT1,1,usd,SPBXM
Alibaba,9988,BBG00QV37ZP9,10,hkd,SPBHKEX
Hershey,HSY,BBG000BLHRS2,1,usd,SPBXM
ICICI Bank,IBN,BBG000DRM643,1,usd,SPBXM
LabCorp,LH,BBG000D9DMK0,1,usd,SPBXM
StoneCo,STNE,BBG00M4ZQDK0,1,usd,SPBXM
American Tower REIT,AMT,BBG000B9XYV2,1,usd,SPBXM
Xcel Energy,XEL,BBG000BCTQ65,1,usd,SPBXM
Сбер Банк - привилегированные акции,SBERP,BBG0047315Y7,10,rub,TQBR
Calavo Growers Inc,CVGW,BBG000BGPQW1,1,usd,SPBXM
Parker-Hannifin,PH,BBG000BR3KL6,1,usd,SPBXM
Ростелеком,RTKM,BBG004S682Z6,10,rub,TQBR
Biglari Holdings Inc,BH,BBG00JPRDQH1,1,usd,SPBXM
Charter Communications,CHTR,BBG000VPGNR2,1,usd,SPBXM
Visteon Corp,VC,BBG0016T3GQ0,1,usd,SPBXM
"Exponent, Inc.",EXPO,BBG000F31Z34,1,usd,SPBXM
Kemper,KMPR,BBG000H3GDJ8,1,usd,SPBXM
Cerence,CRNC,BBG00MMDJG84,1,usd,SPBXM
Juniper Networks,JNPR,BBG000BY33P5,1,usd,SPBXM
Mr. Cooper Group,COOP,BBG002V098F7,1,usd,SPBXM
Лента,LENT,BBG0063FKTD9,1,rub,TQBR
Fortinet Inc,FTNT,BBG000BCMBG4,1,usd,SPBXM
Фармсинтез,LIFE,BBG0019K04R5,100,rub,TQBR
The AES Corporation,AES,BBG000C23KJ3,1,usd,SPBXM
Equity Residential REIT,EQR,BBG000BG8M31,1,usd,SPBXM
Bio-Rad Laboratories Inc,BIO,BBG000DY28W5,1,usd,SPBXM
Iovance Biotherapeutics Inc,IOVA,BBG000FTLBV7,1,usd,SPBXM
NewMarket Corp,NEU,BBG000BJ5SS8,1,usd,SPBXM
Ally Financial Inc,ALLY,BBG000BC2R71,1,usd,SPBXM
Enstar Group,ESGR,BBG000NQKP71,1,usd,SPBXM
Affiliated Managers Group,AMG,BBG000C060M4,1,usd,SPBXM
Kodiak Sciences Inc,KOD,BBG00BVR0D02,1,usd,SPBXM
Inseego Corp,INSG,BBG00DWX7QH0,1,usd,SPBXM
FRP Holdings Inc,FRPH,BBG000HCVWW4,1,usd,SPBXM
Банк Санкт-Петербург,BSPB,BBG000QJW156,10,rub,TQBR
Terminix Global Holdings,TMX,BBG002WMH2F2,1,usd,SPBXM
МТС,MTSS,BBG004S681W1,10,rub,TQBR
"DoubleVerify Holdings, Inc.",DV,BBG00ZNRRJM2,1,usd,SPBXM
Keurig Dr Pepper,KDP,BBG000TJM7F0,1,usd,SPBXM
Quince Therapeutics,QNCX,BBG00BTK1DT8,1,usd,SPBXM
Antero Midstream Corp,AM,BBG00GBNZ4M0,1,usd,SPBXM
Cisco,CSCO,BBG000C3J3C9,1,usd,SPBXM
General Mills,GIS,BBG000BKCFC2,1,usd,SPBXM
Wix.com Ltd,WIX,BBG005CM7J89,1,usd,SPBXM
New Fortress Energy,NFE,BBG00MJH9LC4,1,usd,SPBXM
Fastly Inc,FSLY,BBG004NLQHL0,1,usd,SPBXM
Range Resources,RRC,BBG000FVXD63,1,usd,SPBXM
New Jersey Resources Corp,NJR,BBG000BPZVW9,1,usd,SPBXM
1Life Healthcare,ONEM,BBG0026ZDDQ0,1,usd,SPBXM
Check Point Software Technologies Ltd,CHKP,BBG000K82ZT8,1,usd,SPBXM
Alteryx Inc,AYX,BBG000BGZT72,1,usd,SPBXM
Bilibili Inc,BILI,BBG00K7T3037,1,usd,SPBXM
Hello Group,MOMO,BBG007HTCQT0,1,usd,SPBXM
ТГК-14,TGKN,BBG000RG4ZQ4,1000000,rub,TQBR
Columbus McKinnon Corp,CMCO,BBG000BCWWV0,1,usd,SPBXM
Baker Hughes,BKR,BBG00GBVBK51,1,usd,SPBXM
Транснефть - привилегированные акции,TRNFP,BBG00475KHX6,1,rub,TQBR
VF,VFC,BBG000BWCKB6,1,usd,SPBXM
British American Tobacco,BTI,BBG000BWPXQ8,1,usd,SPBXM
РКК Энергия им.С.П.Королева,RKKE,BBG000LWNRP3,1,rub,TQBR
O-I Glass,OI,BBG00R2JZG39,1,usd,SPBXM
Eagle Materials Inc,EXP,BBG000BJW241,1,usd,SPBXM
D.R. Horton,DHI,BBG000DQTXY6,1,usd,SPBXM
Sensient Technologies Corp,SXT,BBG000J79P80,1,usd,SPBXM
Exelon Corporation,EXC,BBG000J6XT05,1,usd,SPBXM
Ленэнерго,LSNG,BBG000NLC9Z6,100,rub,TQBR
Westamerica Bancorporation,WABC,BBG000DD3KP1,1,usd,SPBXM
Southwest Airlines,LUV,BBG000BNJHS8,1,usd,SPBXM
Ренессанс Страхование,RENI,BBG00QKJSX05,10,rub,TQBR
Public Service Enterprise Group,PEG,BBG000BQZMH4,1,usd,SPBXM
Synchrony Financial,SYF,BBG00658F3P3,1,usd,SPBXM
IHS Markit,INFO,BBG006G063F9,1,usd,SPBXM
Addus HomeCare Corp,ADUS,BBG000NJGX84,1,usd,SPBXM
Simpson Manufacturing Co Inc,SSD,BBG000JLC8L8,1,usd,SPBXM
H&R Block,HRB,BBG000BLDV98,1,usd,SPBXM
Olin Corp,OLN,BBG000BQHTV3,1,usd,SPBXM
Altair Engineering Inc,ALTR,BBG000PN9NB9,1,usd,SPBXM
Valero Energy Corporation,VLO,BBG000BBGGQ1,1,usd,SPBXM
Movado Group Inc,MOV,BBG000BL30Y9,1,usd,SPBXM
Россети Центр,MRKC,BBG000VH7TZ8,1000,rub,TQBR
Glaukos Corp,GKOS,BBG000WG2LQ1,1,usd,SPBXM
"Hibbett, Inc.",HIBB,BBG000H001V3,1,usd,SPBXM
EPAM Systems,EPAM,BBG000MHTV89,1,usd,SPBXM
Ambarella,AMBA,BBG001QZCPJ2,1,usd,SPBXM
Unitil Corporation,UTL,BBG000BW7X97,1,usd,SPBXM
KB Home,KBH,BBG000BMLWX8,1,usd,SPBXM
Envista Holdings,NVST,BBG00LN4B5N0,1,usd,SPBXM
Crown Holdings Inc,CCK,BBG000BF6756,1,usd,SPBXM
Aflac Incorporated,AFL,BBG000BBBNC6,1,usd,SPBXM
Abiomed Inc,ABMD,BBG000C101X4,1,usd,SPBXM
Regency Centers REIT,REG,BBG000BL46Q4,1,usd,SPBXM
Constellation Brands,STZ,BBG000J1QLT0,1,usd,SPBXM
Goodyear Tire & Rubber,GT,BBG000BKNX95,1,usd,SPBXM
Boston Beer Co Inc The,SAM,BBG000BCZBF1,1,usd,SPBXM
Cincinnati Financial Corporation,CINF,BBG000BFPK65,1,usd,SPBXM
ACM Research Inc,ACMR,BBG00HPSG933,1,usd,SPBXM
Quaker Chemical Corp,KWR,BBG000DZS2L9,1,usd,SPBXM
Globe Life Inc,GL,BBG000BVD6X4,1,usd,SPBXM
Haemonetics Corp,HAE,BBG000C7TF41,1,usd,SPBXM
Ceridian HCM Holding,CDAY,BBG005D7PF34,1,usd,SPBXM
Cirrus Logic Inc,CRUS,BBG000C1DHF5,1,usd,SPBXM
Extra Space Storage REIT,EXR,BBG000PV27K3,1,usd,SPBXM
Rollins,ROL,BBG000BSBBP1,1,usd,SPBXM
Travel + Leisure Co.,TNL,TBG000PV2L86,1,usd,SPBXM
Cheniere Energy,LNG,BBG000C3HSR0,1,usd,SPBXM
Positive Technologies,POSI,TCS00A103X66,1,rub,TQBR
QIAGEN NV,QGEN,BBG000GTYWL7,1,usd,SPBXM
Marathon Digital Holdings,MARA,BBG001K7WBT8,1,usd,SPBXM
Boston Scientific Corporation,BSX,BBG000C0LW92,1,usd,SPBXM
Vocera Communications Inc,VCRA,BBG00179VSY7,1,usd,SPBXM
Spectrum Brands Holdings Inc,SPB@US,BBG000DS5588,1,usd,SPBXM
National Fuel Gas Company,NFG,BBG000BPYD87,1,usd,SPBXM
WR Berkley,WRB,BBG000BD1HP2,1,usd,SPBXM
Nordstrom,JWN,BBG000G8N9C6,1,usd,SPBXM
CEVA,CEVA,BBG000BN3P07,1,usd,SPBXM
Envestnet Inc,ENV,BBG000Q4NZ54,1,usd,SPBXM
Ralph Lauren,RL,BBG000BS0ZF1,1,usd,SPBXM
Petropavlovsk PLC,POGR,BBG00VPKLPX4,100,rub,TQBR
Carvana Co,CVNA,BBG00GCTWDJ3,1,usd,SPBXM
RPM International Inc,RPM,BBG000DCNK80,1,usd,SPBXM
Century Communities,CCS,BBG006G412Q6,1,usd,SPBXM
ФСК ЕЭС,FEES,BBG00475JZZ6,10000,rub,TQBR
Life Storage REIT,LSI,BBG000C42VL3,1,usd,SPBXM
Shockwave Medical Inc,SWAV,BBG005XVXML5,1,usd,SPBXM
FIGS,FIGS,BBG004SK5VL9,1,usd,SPBXM
Cohen & Steers Inc,CNS,BBG000BB0WG4,1,usd,SPBXM
Kimberly-Clark,KMB,BBG000BMW2Z0,1,usd,SPBXM
Johnson & Johnson,JNJ,BBG000BMHYD1,1,usd,SPBXM
"Marqeta, Inc.",MQ,BBG0112Z87D8,1,usd,SPBXM
Kinder Morgan,KMI,BBG0019JZ882,1,usd,SPBXM
Дагестанская энергосбытовая компания,DASB,BBG000LWVHN8,1000,rub,TQPI
Planet FItness Inc,PLNT,BBG009H04M17,1,usd,SPBXM
Ziff Davis,ZD,BBG000F3CWW7,1,usd,SPBXM
Simply Good Foods Co,SMPL,BBG00GVP5JL4,1,usd,SPBXM
Красный Октябрь,KROT,BBG000NLB2G3,10,rub,TQBR
Roku Inc,ROKU,BBG001ZZPQJ6,1,usd,SPBXM
CarMax,KMX,BBG000BLMZK6,1,usd,SPBXM
NorthWestern Corporation,NWE,BBG000Q1NMJ4,1,usd,SPBXM
КуйбышевАзот,KAZT,BBG002B9MYC1,10,rub,TQBR
Artisan Partners Asset Management,APAM,BBG001M6CZY1,1,usd,SPBXM
Zillow Group Inc,ZG,BBG000D13GN8,1,usd,SPBXM
Activision Blizzard,ATVI,BBG000CVWGS6,1,usd,SPBXM
Switch Inc,SWCH,BBG00HPDM5Z2,1,usd,SPBXM
Host Hotels & Resorts REIT,HST,BBG000BL8804,1,usd,SPBXM
PubMatic,PUBM,BBG001PKMK06,1,usd,SPBXM
Molson Coors Brewing,TAP,BBG000BS7KS3,1,usd,SPBXM
Evolent Health Inc,EVH,BBG005CHLM96,1,usd,SPBXM
AeroVironment Inc,AVAV,BBG000GX14P2,1,usd,SPBXM
Madrigal Pharmaceuticals Inc,MDGL,BBG000QS6NV8,1,usd,SPBXM
Zillow Group Inc,Z,BBG009NRSWJ4,1,usd,SPBXM
Unum,UNM,BBG000BW2QX0,1,usd,SPBXM
Parsons,PSN,BBG000C3TKY6,1,usd,SPBXM
JPMorgan,JPM,BBG000DMBXR2,1,usd,SPBXM
Русгрэйн,RUGR,BBG0014PFYM2,10,rub,TQBR
Korn Ferry,KFY,BBG000C5QMB5,1,usd,SPBXM
Tetra Tech,TTEK,BBG000BYZ0Q5,1,usd,SPBXM
Пермэнергосбыт,PMSB,BBG000MZL0Y6,10,rub,TQBR
Sylvamo Corp.,SLVM,BBG0122M8031,1,usd,SPBXM
ЧЗПСН,PRFN,BBG003BNWBP3,100,rub,TQPI
FIBROGEN INC,FGEN,BBG000FW5ZL6,1,usd,SPBXM
Sohu.com,SOHU,BBG00L2DB535,1,usd,SPBXM
Methode Electronics Inc,MEI,BBG000BNY197,1,usd,SPBXM
Meta Platforms,META,BBG000MM2P62,1,usd,SPBXM
AbCellera Biologics,ABCL,BBG00LLW2MF2,1,usd,SPBXM
"SentinelOne, Inc.",S,BBG00B6F2F09,1,usd,SPBXM
Wolfspeed,WOLF,BBG000BG14P4,1,usd,SPBXM
MGIC Investment Corp,MTG,BBG000CBMH27,1,usd,SPBXM
Netflix,NFLX,BBG000CL9VN6,1,usd,SPBXM
Consolidated Edison,ED,BBG000BHLYS1,1,usd,SPBXM
Weyerhaeuser REIT,WY,BBG000BX3BL3,1,usd,SPBXM
Газпром нефть,SIBN,BBG004S684M6,1,rub,TQBR
Independent Bank Corp,INDB,BBG000BM0597,1,usd,SPBXM
Merck,MRK,BBG000BPD168,1,usd,SPBXM
Victorias Secret & Co.,VSCO,BBG01103B471,1,usd,SPBXM
Brink's Co,BCO,BBG000DR5QP5,1,usd,SPBXM
National Presto Industries Inc,NPK,BBG000BQ4GG2,1,usd,SPBXM
ЯТЭК,YAKG,BBG002B298N6,10,rub,TQBR
Equinix REIT,EQIX,BBG000MBDGM6,1,usd,SPBXM
Vipshop,VIPS,BBG002NLDLV8,1,usd,SPBXM
Elevance Health,ELV,BBG000BCG930,1,usd,SPBXM
UMB Financial,UMBF,BBG000DD8WX1,1,usd,SPBXM
Confluent,CFLT,BBG007HWGYQ5,1,usd,SPBXM
ТГК-2,TGKB,BBG000Q7GG57,1000000,rub,TQBR
Dentsply Sirona,XRAY,BBG000BX57K1,1,usd,SPBXM
Dominion Energy Inc,D,BBG000BGVW60,1,usd,SPBXM
Grocery Outlet Holding Corp,GO,BBG00P4R3079,1,usd,SPBXM
Gossamer Bio Inc,GOSS,BBG00MVWLLM2,1,usd,SPBXM
Berkshire Hathaway,BRK.B,BBG000DWG505,1,usd,SPBXM
Brady,BRC,BBG000BDNV95,1,usd,SPBXM
Urban Outfitters,URBN,BBG000BL79J3,1,usd,SPBXM
Celanese Corp,CE,BBG000JYP7L8,1,usd,SPBXM
Калужская сбытовая компания,KLSB,BBG000DBD6F6,100,rub,TQBR
NXP Semiconductors NV,NXPI,BBG000BND699,1,usd,SPBXM
Cargurus Inc,CARG,BBG00HQ77DS2,1,usd,SPBXM
General Electric Company,GE,BBG000BK6MB5,1,usd,SPBXM
Amgen,AMGN,BBG000BBS2Y0,1,usd,SPBXM
Hochtief AG,HOT@DE,BBG000BC3WH8,1,eur,SPBDE
ЧМК,CHMK,BBG000RP8V70,1,rub,TQBR
MTU Aero Engines AG,MTX@DE,BBG000BVTPQ3,1,eur,SPBDE
Kulicke & Soffa Industries,KLIC,BBG000BMTX31,1,usd,SPBXM
Magna International Inc.,MGA,BBG000BNLPJ7,1,usd,SPBXM
Encore Wire Corporation,WIRE,BBG000CQCCK6,1,usd,SPBXM
Velodyne Lidar,VLDR,BBG00M0X4584,1,usd,SPBXM
Hanesbrands,HBI,BBG000D2ZTS8,1,usd,SPBXM
"Coupang, Inc.",CPNG,BBG00XMJRPQ8,1,usd,SPBXM
Highwoods Properties,HIW,BBG000C43744,1,usd,SPBXM
UniFirst Corp MA,UNF,BBG000BW29L1,1,usd,SPBXM
Cal-Maine Foods Inc,CALM,BBG000CDMJW6,1,usd,SPBXM
Wheaton Precious Metals,WPM,BBG000PVRDL2,1,usd,SPBXM
Ball Corporation,BALL,BBG000BDDNH5,1,usd,SPBXM
РуссНефть,RNFT,BBG00F9XX7H4,1,rub,TQBR
МОЭСК,MSRS,BBG004S687G6,1000,rub,TQBR
Maravai LifeSciences Holdings,MRVI,BBG00Y1DFV91,1,usd,SPBXM
Darling Ingredients Inc,DAR,BBG000BN8ZK8,1,usd,SPBXM
Pioneer Natural Resources,PXD,BBG000BXRPH1,1,usd,SPBXM
PennyMac Financial Services,PFSI,BBG00LMYX123,1,usd,SPBXM
Hilton Grand Vacations Inc,HGV,BBG00CBYY6M1,1,usd,SPBXM
Smith & Wesson Brands,SWBI,BBG000BM0QL7,1,usd,SPBXM
Central Garden & Pet Co,CENT,BBG000BFD605,1,usd,SPBXM
Acuity Brands,AYI,BBG000BJ5HK0,1,usd,SPBXM
ASGN Inc,ASGN,BBG000CRN8N8,1,usd,SPBXM
Suncor Energy,SU,BBG000BRK7L6,1,usd,SPBXM
NOW Inc,DNOW,BBG005BLN209,1,usd,SPBXM
Российские сети,RSTI,BBG004S682J4,1000,rub,TQBR
Churchill Downs Inc,CHDN,BBG000BGXMG9,1,usd,SPBXM
PulteGroup,PHM,BBG000BR54L0,1,usd,SPBXM
Esperion Therapeutics Inc,ESPR,BBG004KB3S72,1,usd,SPBXM
Verisk Analytics,VRSK,BBG000BCZL41,1,usd,SPBXM
Chemours Company,CC,BBG005H82GB2,1,usd,SPBXM
GrafTech International Ltd,EAF,BBG00KDYT8C4,1,usd,SPBXM
Россети Северо-Запад,MRKZ,BBG000TJ6F42,10000,rub,TQBR
Motorola Solutions,MSI,BBG000BP8Z50,1,usd,SPBXM
"ICF International, Inc.",ICFI,BBG000BBXVK5,1,usd,SPBXM
Lamb Weston Holdings Inc,LW,BBG003CVMLQ2,1,usd,SPBXM
Cactus Inc,WHD,BBG00JRH1P95,1,usd,SPBXM
Atmos Energy Corp,ATO,BBG000BRNGM2,1,usd,SPBXM
"Аптечная сеть 36,6",APTK,BBG000K3STR7,10,rub,TQBR
JD.com,9618,BBG00VC6RYV6,10,hkd,SPBHKEX
Costco Wholesale,COST,BBG000F6H8W8,1,usd,SPBXM
Chevron,CVX,BBG000K4ND22,1,usd,SPBXM
Synaptics Inc,SYNA,BBG000BQV1S2,1,usd,SPBXM
Marcus & Millichap Inc,MMI,BBG005GBRSR6,1,usd,SPBXM
Apartment Investment & Management REIT,AIV,BBG000DD3510,1,usd,SPBXM
EastGroup Properties REIT,EGP,BBG000BHRBT4,1,usd,SPBXM
Xiaomi,1810,BBG00KVTBY91,100,hkd,SPBHKEX
Tennant Company,TNC,BBG000JCZJS2,1,usd,SPBXM
Raymond James Financial,RJF,BBG000BS73J1,1,usd,SPBXM
Applied Industrial Technologies,AIT,BBG000BBHHP9,1,usd,SPBXM
Gibraltar Industries Inc,ROCK,BBG000BKQDQ7,1,usd,SPBXM
China Life Insurance,LFC,BBG000BBK4B9,1,usd,SPBXM
Devon Energy,DVN,BBG000BBVJZ8,1,usd,SPBXM
Continental AG,CON@DE,BBG000BBZBV5,1,eur,SPBDE
Citrix Systems,CTXS,BBG000FQ6PY6,1,usd,SPBXM
Avista Corporation,AVA,BBG000BCNF74,1,usd,SPBXM
Arrowhead Pharmaceuticals Inc,ARWR,BBG000BRVKH0,1,usd,SPBXM
CME GROUP,CME,BBG000BHLYP4,1,usd,SPBXM
Axogen Inc,AXGN,BBG000BN46R9,1,usd,SPBXM
Diamondback Energy Inc,FANG,BBG002PHSYX9,1,usd,SPBXM
Caesars Entertainment Corporation,CZR,BBG0074Q3NK6,1,usd,SPBXM
Мультисистема,MSST,BBG001BBSZV8,100,rub,TQPI
AECOM,ACM,BBG000F61RJ8,1,usd,SPBXM
ePlus Inc,PLUS,BBG000HN7W02,1,usd,SPBXM
Jabil Inc.,JBL,BBG000BJNGN9,1,usd,SPBXM
Signature Bank,SBNY,BBG000M6TR37,1,usd,SPBXM
Natera inc,NTRA,BBG001J1BQ86,1,usd,SPBXM
American Airlines Group,AAL,BBG005P7Q881,1,usd,SPBXM
Bentley Systems,BSY,BBG000BMSRR9,1,usd,SPBXM
Douglas Emmett REIT,DEI,BBG000PN1SJ8,1,usd,SPBXM
FMC,FMC,BBG000BJP882,1,usd,SPBXM
QIWI,QIWI,BBG005D1WCQ1,1,rub,TQBR
Principal Financial Group,PFG,BBG000NSCNT7,1,usd,SPBXM
PC Connection Inc,CNXN,BBG000BX74M4,1,usd,SPBXM
Otis Worldwide,OTIS,BBG00RP60KV0,1,usd,SPBXM
Интер РАО ЕЭС,IRAO,BBG004S68473,100,rub,TQBR
Sunny Optical Technology,2382,BBG000C16952,10,hkd,SPBHKEX
Aerie Pharmaceuticals Inc,AERI,BBG001KJ7WJ5,1,usd,SPBXM
Lindsay Corporation,LNN,BBG000FJS1S8,1,usd,SPBXM
ManpowerGroup Inc,MAN,BBG000BNMHS4,1,usd,SPBXM
Bunge,BG,BBG000DGPR66,1,usd,SPBXM
Digital Realty REIT,DLR,BBG000Q5ZRM7,1,usd,SPBXM
Bayer,BAYN@DE,BBG000BBWF85,1,eur,SPBDE
Rhythm Pharmaceuticals Inc,RYTM,BBG007DLZ601,1,usd,SPBXM
PayPal Holdings,PYPL,BBG0077VNXV6,1,usd,SPBXM
Dover,DOV,BBG000BHB3M6,1,usd,SPBXM
Gentherm Inc,THRM,BBG000BQLM34,1,usd,SPBXM
Kratos Defense & Security Solutions,KTOS,BBG000C1HQ43,1,usd,SPBXM
CK Asset Holdings,1113,BBG007WDD4B5,10,hkd,SPBHKEX
Vale SA,VALE,BBG000BN5LG7,1,usd,SPBXM
РусГидро,HYDR,BBG00475K2X9,1000,rub,TQBR
AGNC Investment REIT,AGNC,BBG000TJ8XZ7,1,usd,SPBXM
Autodesk,ADSK,BBG000BM7HL0,1,usd,SPBXM
National Beverage Corp,FIZZ,BBG000BF8CB6,1,usd,SPBXM
Aspen Technology,AZPN,BBG017J18W74,1,usd,SPBXM
SPS Commerce Inc,SPSC,BBG000PZGB75,1,usd,SPBXM
Oak Street Health,OSH,BBG00W0L8GW3,1,usd,SPBXM
Apollo Medical Holdings,AMEH,BBG000H7ZK57,1,usd,SPBXM
Pinnacle Financial Partners In,PNFP,BBG000C1XKF6,1,usd,SPBXM
TransUnion,TRU,BBG002Q7J5Z1,1,usd,SPBXM
VEON,VEON,BBG000QCW561,1,usd,SPBXM
Arch Coal Inc,ARCH,BBG00DZB5D77,1,usd,SPBXM
Southern,SO,BBG000BT9DW0,1,usd,SPBXM
STORE Capital Corp REIT,STOR,BBG00265T6Q4,1,usd,SPBXM
FormFactor Inc,FORM,BBG000D1Y3P1,1,usd,SPBXM
Rockwell Automation,ROK,BBG000BBCDZ2,1,usd,SPBXM
TFI International,TFII,BBG000HJS1F0,1,usd,SPBXM
Квадра,TGKD,BBG000F6H7K3,100000,rub,TQBR
DocuSign Inc,DOCU,BBG000N7KJX8,1,usd,SPBXM
Group 1 Automotive Inc,GPI,BBG000BB88K4,1,usd,SPBXM
Silgan Holdings Inc.,SLGN,BBG000BPDDB6,1,usd,SPBXM
"Squarespace, Inc.",SQSP,BBG00389GQ73,1,usd,SPBXM
ZoomInfo Technologies Inc,ZI,BBG00S1HJ3M8,1,usd,SPBXM
"Bloomin Brands, Inc.",BLMN,BBG002VZ68Y2,1,usd,SPBXM
Atara Biotherapeutics Inc,ATRA,BBG005Q3MQY4,1,usd,SPBXM
"Houlihan Lokey, Inc.",HLI,BBG000CZTB66,1,usd,SPBXM
Deutsche Wohnen SE,DWNI@DE,BBG000GM6Y84,1,eur,SPBDE
Prologis REIT,PLD,BBG000B9Z0J8,1,usd,SPBXM
Piper Sandler Companies,PIPR,BBG000FQXC75,1,usd,SPBXM
UBS Group,UBS,BBG007DJM539,1,usd,SPBXM
WH Group,288,BBG00699M8Q7,100,hkd,SPBHKEX
Broadcom,AVGO,BBG00KHY5S69,1,usd,SPBXM
Vishay Precision Group Inc,VPG,BBG000PRQ0V9,1,usd,SPBXM
Invitae Corp,NVTA,BBG005DJFD43,1,usd,SPBXM
PotlatchDeltic Corporation REIT,PCH,BBG000BQX2N3,1,usd,SPBXM
Crowdstrike Holdings Inc,CRWD,BBG00BLYKS03,1,usd,SPBXM
Corcept Therapeutics Inc,CORT,BBG000BKJG33,1,usd,SPBXM
Reynolds Consumer Products Inc.,REYN,BBG00QVJVYB5,1,usd,SPBXM
Eli Lilly & Co,LLY,BBG000BNBDC2,1,usd,SPBXM
T Rowe Price Group,TROW,BBG000BVMPN3,1,usd,SPBXM
SoFi Technologies,SOFI,BBG00YB1ZD58,1,usd,SPBXM
Moelis & Co,MC,BBG000RNBH63,1,usd,SPBXM
Atrion Corp,ATRI,BBG000DTT624,1,usd,SPBXM
Наука-Связь,NSVZ,BBG002BCQK67,10,rub,TQBR
CorVel Corp,CRVL,BBG000CVKZY0,1,usd,SPBXM
Western Digital,WDC,BBG000BWNFZ9,1,usd,SPBXM
General Motors,GM,BBG000NDYB67,1,usd,SPBXM
Ameren,AEE,BBG000B9X8C0,1,usd,SPBXM
Monarch Casino & Resort Inc,MCRI,BBG000BJ0932,1,usd,SPBXM
MicroVision,MVIS,BBG000BVKXQ5,1,usd,SPBXM
НЛМК,NLMK,BBG004S681B4,10,rub,TQBR
Белуга Групп ПАО ао,BELU,BBG000TY1CD1,1,rub,TQBR
MetLife,MET,BBG000BB6KF5,1,usd,SPBXM
Группа Черкизово,GCHE,BBG000RTHVK7,1,rub,TQBR
Weibo Corporation,WB,BBG0065XPGX9,1,usd,SPBXM
Лензолото - привилегированные акции,LNZLP,BBG000SR0YS4,1,rub,TQBR
Consensus Cloud Solutions,CCSI,BBG0105XBRH0,1,usd,SPBXM
Workhorse Group Inc,WKHS,BBG000BDPB15,1,usd,SPBXM
Baxter International,BAX,BBG000BCVJ77,1,usd,SPBXM
Adobe,ADBE,BBG000BB5006,1,usd,SPBXM
Insmed,INSM,BBG000BWM5P3,1,usd,SPBXM
American Eagle Outfitters Inc,AEO,BBG000BGXZB5,1,usd,SPBXM
McDonald’s,MCD,BBG000BNSZP1,1,usd,SPBXM
TCS Group,TCSG,BBG00QPYJ5H0,1,rub,TQBR
Global Net Lease REIT,GNL,BBG004HXD0G8,1,usd,SPBXM
Fulcrum Therapeutics,FULC,BBG00DDY1RK9,1,usd,SPBXM
Xylem,XYL,BBG001D8R5D0,1,usd,SPBXM
Intercontinental Exchange,ICE,BBG000C1FB75,1,usd,SPBXM
Siemens AG,SIE@DE,BBG000BCCT76,1,eur,SPBDE
NeoGenomics Inc,NEO,BBG000BKH263,1,usd,SPBXM
Viasat,VSAT,BBG000HHLBF9,1,usd,SPBXM
GoodRx Holdings Inc,GDRX,BBG00X0VP8D9,1,usd,SPBXM
Dun & Bradstreet Holdings,DNB,BBG00VCZX9Z6,1,usd,SPBXM
COCA-COLA,KO,BBG000BMX289,1,usd,SPBXM
Take-Two Interactive Software,TTWO,BBG000BS1YV5,1,usd,SPBXM
WEC Energy Group,WEC,BBG000BWP7D9,1,usd,SPBXM
AnaptysBio Inc,ANAB,BBG0026ZDHR0,1,usd,SPBXM
Palantir Technologies Inc,PLTR,BBG000N7QR55,1,usd,SPBXM
Univar Solutions Inc,UNVR,BBG000BDHD29,1,usd,SPBXM
Service Corp International/US,SCI,BBG000BTHH16,1,usd,SPBXM
Sinclair Broadcast Group Inc,SBGI,BBG000F2XXP2,1,usd,SPBXM
Herbalife Nutrition,HLF,BBG000MM5VL9,1,usd,SPBXM
LifeStance Health Group,LFST,BBG01138DGZ7,1,usd,SPBXM
"Fidelity National Financial, Inc.",FNF,BBG006N7S6K9,1,usd,SPBXM
Five9 Inc,FIVN,BBG001KHJM17,1,usd,SPBXM
Сургутнефтегаз - привилегированные акции,SNGSP,BBG004S681M2,100,rub,TQBR
ManTech International Corp VA,MANT,BBG000BGF8B5,1,usd,SPBXM
ESCO Technologies Inc.,ESE,BBG000C4S3P3,1,usd,SPBXM
GreenSky Inc,GSKY,BBG00KT2SCV8,1,usd,SPBXM
Bandwidth Inc,BAND,BBG001K003W2,1,usd,SPBXM
2seventy bio,TSVT,BBG00YV1J622,1,usd,SPBXM
NextEra Energy,NEE,BBG000BJSBJ0,1,usd,SPBXM
Align Technology,ALGN,BBG000BRNLL2,1,usd,SPBXM
CK Hutchison Holdings,1,BBG0087DLDQ6,10,hkd,SPBHKEX
ITT,ITT,BBG00CVQZQ96,1,usd,SPBXM
World Fuel Services Corporation,INT,BBG000BM3CJ8,1,usd,SPBXM
NetScout Systems Inc,NTCT,BBG000C136Z8,1,usd,SPBXM
Redfin Corp,RDFN,BBG001Q7HP63,1,usd,SPBXM
NovoCure Limited,NVCR,BBG009XW8PY2,1,usd,SPBXM
Paylocity Holding Corp,PCTY,BBG006598YS8,1,usd,SPBXM
Evercore,EVR,BBG000BP30Y0,1,usd,SPBXM
ZimVie,ZIMV,BBG014630587,1,usd,SPBXM
Marathon Petroleum,MPC,BBG001DCCGR8,1,usd,SPBXM
Sands China,1928,BBG000PSNMN1,100,hkd,SPBHKEX
Yandex,YNDX,BBG006L8G4H1,1,rub,TQBR
Colgate-Palmolive,CL,BBG000BFQYY3,1,usd,SPBXM
Atkore International Group Inc,ATKR,BBG000QTFDQ4,1,usd,SPBXM
XPEL,XPEL,BBG000R5XCX9,1,usd,SPBXM
Owens Corning,OC,BBG000M44VW8,1,usd,SPBXM
Stifel Financial,SF,BBG000BSS5C0,1,usd,SPBXM
World Wrestling Entertainment,WWE,BBG000F5YH15,1,usd,SPBXM
ЭсЭфАй,SFIN,BBG003LYCMB1,10,rub,TQBR
Allscripts Healthcare Solution,MDRX,BBG000BLDXH5,1,usd,SPBXM
Lucid Group,LCID,BBG00W7F99V5,1,usd,SPBXM
JFrog Ltd.,FROG,BBG006PWZX16,1,usd,SPBXM
Huron Consulting Group Inc,HURN,BBG000PV2M48,1,usd,SPBXM
Leggett & Platt,LEG,BBG000BN53G7,1,usd,SPBXM
Deutsche Telekom AG,DTE@DE,BBG000HJTMS9,1,eur,SPBDE
Lennar,LEN,BBG000BN5HF7,1,usd,SPBXM
Myriad Genetics Inc,MYGN,BBG000D9H9F1,1,usd,SPBXM
Walgreens Boots Alliance,WBA,BBG000BWLMJ4,1,usd,SPBXM
Micro Focus,MFGP,BBG00HFWVGN0,1,usd,SPBXM
Teleflex Inc,TFX,BBG000BV59Y6,1,usd,SPBXM
Loews,L,BBG000C45984,1,usd,SPBXM
Fiserv,FISV,BBG000BJKPG0,1,usd,SPBXM
Apollo Global Management,APO,BBG00ZNLTFK3,1,usd,SPBXM
MP Materials,MP,BBG00TJGL0F0,1,usd,SPBXM
ДВМП,FESH,BBG000QF1Q17,100,rub,TQBR
Asana,ASAN,BBG00WYHL732,1,usd,SPBXM
Exact Sciences Corp,EXAS,BBG000CWL0F5,1,usd,SPBXM
Johnson Controls,JCI,BBG000BVWLJ6,1,usd,SPBXM
10X Genomics Inc,TXG,BBG007WX14X0,1,usd,SPBXM
Renewable Energy Group Inc,REGI,BBG0016SSV00,1,usd,SPBXM
Voya Financial,VOYA,BBG000BCWKD6,1,usd,SPBXM
Intuitive Surgical,ISRG,BBG000BJPDZ1,1,usd,SPBXM
Li Auto,LI,BBG00W0KZD98,1,usd,SPBXM
PhosAgro PJSC,PHOR@GS,BBG001R16GZ5,1,usd,SPBXM
Axalta Coating Systems,AXTA,BBG0060CPLJ5,1,usd,SPBXM
"Robinhood Markets, Inc.",HOOD,BBG008NMBXN8,1,usd,SPBXM
TCS Group (Tinkoff Bank holder),TCS,BBG005DXJS36,1,usd,SPBXM
NAC Kazatomprom JSC,KAP@GS,BBG00MJM7K82,1,usd,SPBXM
AptarGroup,ATR,BBG000BGX2S0,1,usd,SPBXM
WW Grainger,GWW,BBG000BKR1D6,1,usd,SPBXM
Supernus Pharmaceuticals Inc,SUPN,BBG000BP0HX7,1,usd,SPBXM
Alight,ALIT,BBG00H00J2N1,1,usd,SPBXM
LyondellBasell,LYB,BBG000WCFV84,1,usd,SPBXM
Mondelez,MDLZ,BBG000D4LWF6,1,usd,SPBXM
Jefferies Financial Group,JEF,BBG000BNHSP9,1,usd,SPBXM
Telephone & Data Systems Inc,TDS,BBG000BV0VK7,1,usd,SPBXM
"Shoals Technologies Group, Inc.",SHLS,BBG00YQ82275,1,usd,SPBXM
Tata Motors,TTM,BBG000PVGDH9,1,usd,SPBXM
Delek US Holdings Inc,DK,BBG00FZYFVC5,1,usd,SPBXM
Chipotle Mexican Grill,CMG,BBG000QX74T1,1,usd,SPBXM
Blackstone,BX,BBG000BH0106,1,usd,SPBXM
News Corp,NWS,BBG0035M2ZB7,1,usd,SPBXM
Federated Hermes,FHI,BBG000BP0929,1,usd,SPBXM
Duke Realty REIT,DRE,BBG000BHD8S7,1,usd,SPBXM
Brown & Brown,BRO,BBG000BWSGF4,1,usd,SPBXM
Распадская,RASP,BBG004S68696,10,rub,TQBR
Endava АДР,DAVA,BBG00LBLBBJ7,1,usd,SPBXM
Pembina Pipeline Corporation,PBA,BBG001732GF9,1,usd,SPBXM
MGM Resorts International,MGM,BBG000C2BXK4,1,usd,SPBXM
Medical Properties REIT,MPW,BBG000BGRB25,1,usd,SPBXM
Riot Blockchain,RIOT,BBG000BQ4512,1,usd,SPBXM
Veeva Systems Inc,VEEV,BBG001CGB489,1,usd,SPBXM
NCR Corp,NCR,BBG000BMXK89,1,usd,SPBXM
Interactive Brokers Group Inc,IBKR,BBG000LV0836,1,usd,SPBXM
Cinemark Holdings Inc,CNK,BBG000QDVR53,1,usd,SPBXM
Bluebird Bio Inc,BLUE,BBG000QGWY50,1,usd,SPBXM
American Financial Group,AFG,BBG000DPKKK0,1,usd,SPBXM
3M Company,MMM,BBG000BP52R2,1,usd,SPBXM
Korea Electric Power,KEP,BBG000BCWG90,1,usd,SPBXM
Semtech Corp,SMTC,BBG000DBKR53,1,usd,SPBXM
HealthEquity Inc,HQY,BBG000TYXCT9,1,usd,SPBXM
Borussia Dortmund GmbH & Co KG,BVB@DE,BBG000D54JC4,1,eur,SPBDE
East West Ban,EWBC,BBG000CR20B1,1,usd,SPBXM
PUMA SE,PUM@DE,BBG000BLMTR3,1,eur,SPBDE
НОВАТЭК,NVTK,BBG00475KKY8,1,rub,TQBR
GATX Corporation,GATX,BBG000BKGXQ4,1,usd,SPBXM
ExlService Holdings Inc,EXLS,BBG000NS3P30,1,usd,SPBXM
Warrior Met Coal,HCC,BBG00GD1JMV4,1,usd,SPBXM
Bridgebio Pharma,BBIO,BBG00P9KDZK6,1,usd,SPBXM
BeyondSpring,BYSI,BBG00F9YLST6,1,usd,SPBXM
Shake Shack Inc,SHAK,BBG0063GCHH8,1,usd,SPBXM
Sonoco Products Co,SON,BBG000D7HF89,1,usd,SPBXM
Intercept Pharmaceuticals Inc,ICPT,BBG001J1QN87,1,usd,SPBXM
STERIS,STE,BBG00MRHG523,1,usd,SPBXM
Yelp Inc,YELP,BBG000Q2HM09,1,usd,SPBXM
American Woodmark Corp,AMWD,BBG000BBX657,1,usd,SPBXM
E.ON SE,EOAN@DE,BBG000BR7PK2,1,eur,SPBDE
Enbridge,ENB,BBG000K5M1S8,1,usd,SPBXM
Jack Henry & Associates Inc,JKHY,BBG000BMH2Q7,1,usd,SPBXM
Upstart Holdings,UPST,BBG00PKCBY53,1,usd,SPBXM
Oracle,ORCL,BBG000BQLTW7,1,usd,SPBXM
Verizon Communications,VZ,BBG000HS77T5,1,usd,SPBXM
Seagen Inc.,SGEN,BBG000BH0FR6,1,usd,SPBXM
Morningstar,MORN,BBG000CGQ4F7,1,usd,SPBXM
Digital Turbine Inc,APPS,BBG000HZ3562,1,usd,SPBXM
ЮУНК,UNKL,BBG002YFXL29,1,rub,TQBR
Valvoline,VVV,BBG003DNHV56,1,usd,SPBXM
АДР Just Eat Takeaway.com N.V.,GRUB,BBG010R8C3Y4,1,usd,SPBXM
ALX Oncology Holdings Inc,ALXO,BBG00VR8SDG8,1,usd,SPBXM
Kite Realty Group REIT,KRG,BBG000BC2KW8,1,usd,SPBXM
Нижнекамскнефтехим,NKNC,BBG000GQSRR5,10,rub,TQBR
Kinsale Capital Group,KNSL,BBG00D8JD9Z9,1,usd,SPBXM
Sarepta Therapeutics Inc,SRPT,BBG000BCJ161,1,usd,SPBXM
NetEase Inc,NTES,BBG000BX72V8,1,usd,SPBXM
Peloton Interactive Inc,PTON,BBG00JG0FFZ2,1,usd,SPBXM
Русская аквакультура,AQUA,BBG000W325F7,1,rub,TQBR
MGP Ingredients,MGPI,BBG000BXK6C5,1,usd,SPBXM
Franklin Resources,BEN,BBG000BD0TF8,1,usd,SPBXM
"Flowers Foods, Inc.",FLO,BBG000BB4D72,1,usd,SPBXM
Axos Financial Inc,AX,BBG000QPHD08,1,usd,SPBXM
Gentex Corporation,GNTX,BBG000BKJ092,1,usd,SPBXM
Las Vegas Sands Corp,LVS,BBG000JWD753,1,usd,SPBXM
Sherwin-Williams,SHW,BBG000BSXQV7,1,usd,SPBXM
ICU Medical Inc,ICUI,BBG000CQV2N4,1,usd,SPBXM
Unity Software,U,BBG0056JW5G6,1,usd,SPBXM
ТНС энерго Воронеж,VRSB,BBG000BX7DH0,10,rub,TQBR
SPX FLOW Inc,FLOW,BBG007FL7ZD2,1,usd,SPBXM
Jack in the Box,JACK,BBG000GZYVY1,1,usd,SPBXM
Biogen,BIIB,BBG000C17X76,1,usd,SPBXM
"MDU Resources Group, Inc.",MDU,BBG000BNX3R4,1,usd,SPBXM
Wolverine World Wide Inc,WWW,BBG000BX2YN2,1,usd,SPBXM
Citizens Financial Group,CFG,BBG006Q0HY77,1,usd,SPBXM
Beyond Meat Inc,BYND,BBG003CVJP50,1,usd,SPBXM
Turning Point Therapeutics Inc,TPTX,BBG00NPL9WH7,1,usd,SPBXM
Ingredion Inc,INGR,BBG000BXPZB7,1,usd,SPBXM
The Cooper Companies,COO,BBG000BG3445,1,usd,SPBXM
Fair Isaac Corp,FICO,BBG000DW76Y6,1,usd,SPBXM
Loyalty Ventures,LYLT,BBG012QVD574,1,usd,SPBXM
WEX Inc,WEX,BBG000BVZP59,1,usd,SPBXM
Middlesex Water Company,MSEX,BBG000BPGQ60,1,usd,SPBXM
Сегежа,SGZH,BBG0100R9963,100,rub,TQBR
ProPetro Holding Corp,PUMP,BBG00FYCQ352,1,usd,SPBXM
eHealth Inc,EHTH,BBG000P5JQX6,1,usd,SPBXM
Philip Morris,PM,BBG000J2XL74,1,usd,SPBXM
Wabtec Corp.,WAB,BBG000BDD940,1,usd,SPBXM
Black Knight Inc,BKI,BBG00GX77LW3,1,usd,SPBXM
Texas Instruments,TXN,BBG000BVV7G1,1,usd,SPBXM
Arena Pharmaceuticals Inc,ARNA,BBG000BKXBV7,1,usd,SPBXM
"Clover Health Investments, Corp.",CLOV,BBG00SHY90J5,1,usd,SPBXM
Nikola,NKLA,BBG00L4CWQ45,1,usd,SPBXM
Martin Marietta Materials,MLM,BBG000BGYMH7,1,usd,SPBXM
GoDaddy Inc,GDDY,BBG006MDLY05,1,usd,SPBXM
Primerica,PRI,BBG000T8ZF80,1,usd,SPBXM
Coherus BioSciences,CHRS,BBG0063N8V69,1,usd,SPBXM
AMN Healthcare Services Inc,AMN,BBG000BCT197,1,usd,SPBXM
Corsair Gaming Inc,CRSR,BBG00HMSHL83,1,usd,SPBXM
Henry Schein,HSIC,BBG000BNMMJ3,1,usd,SPBXM
Manhattan Associates Inc,MANH,BBG000BFV758,1,usd,SPBXM
Eversource Energy,ES,BBG000BQ87N0,1,usd,SPBXM
Penumbra Inc,PEN,BBG001BP92V1,1,usd,SPBXM
Regions Financial,RF,BBG000Q3JN03,1,usd,SPBXM
Omega Healthcare Investors REIT,OHI,BBG000BGBTC2,1,usd,SPBXM
Greenbrier Cos Inc,GBX,BBG000CF5097,1,usd,SPBXM
International Flavors & Fragrances,IFF,BBG000BLSL58,1,usd,SPBXM
SAP SE,SAP@DE,BBG000BG7GX2,1,eur,SPBDE
Virgin Galactic Holdings Inc Class A,SPCE,BBG00HTN2CQ3,1,usd,SPBXM
Health Catalyst,HCAT,BBG00LDPZMS6,1,usd,SPBXM
MSA Safety,MSA,BBG000BPDXF8,1,usd,SPBXM
Coterra Energy,CTRA,BBG000C3GN47,1,usd,SPBXM
Clearway Energy,CWEN,BBG008LJ4TF3,1,usd,SPBXM
Blueprint Medicines Corp,BPMC,BBG001MC8YF7,1,usd,SPBXM
TopBuild Corp,BLD,BBG0077VS2C0,1,usd,SPBXM
Prudential Financial,PRU,BBG000HCJMF9,1,usd,SPBXM
HEICO,HEI,BBG000BL16Q7,1,usd,SPBXM
Ленэнерго - акции привилегированные,LSNGP,BBG000NLCCM3,10,rub,TQBR
Virtus Investment Partners,VRTS,BBG000DMFQS2,1,usd,SPBXM
Lumentum Holdings Inc,LITE,BBG0073F9RT7,1,usd,SPBXM
National Vision Holdings Inc,EYE,BBG00HVQF9K2,1,usd,SPBXM
Norfolk Southern,NSC,BBG000BQ5DS5,1,usd,SPBXM
Pure Storage Inc,PSTG,BBG00212PVZ5,1,usd,SPBXM
Kroger,KR,BBG000BMY992,1,usd,SPBXM
DigitalOcean Holdings,DOCN,BBG00ZGF6SS3,1,usd,SPBXM
United Rentals,URI,BBG000BXMFC3,1,usd,SPBXM
Emerson Electric,EMR,BBG000BHX7N2,1,usd,SPBXM
Kimco Realty REIT,KIM,BBG000CN3S73,1,usd,SPBXM
Monro,MNRO,BBG000C0BZD1,1,usd,SPBXM
Transocean,RIG,BBG000BH5LT6,1,usd,SPBXM
Amedisys Inc,AMED,BBG000B9ZV28,1,usd,SPBXM
"IAA, Inc.",IAA,BBG00K7ZQ662,1,usd,SPBXM
Nektar Therapeutics,NKTR,BBG000BHCYJ1,1,usd,SPBXM
Constellation Energy,CEG,BBG014KFRNP7,1,usd,SPBXM
Tenable Holdings Inc,TENB,BBG00LBLCD02,1,usd,SPBXM
REGENXBIO Inc,RGNX,BBG007Z9V591,1,usd,SPBXM
Fifth Third Bancorp,FITB,BBG000BJL3N0,1,usd,SPBXM
Open Lending Corp,LPRO,BBG00VDHLSQ6,1,usd,SPBXM
Baidu,BIDU,BBG000QXWHD1,1,usd,SPBXM
Clarivate,CLVT,BBG00P1919G5,1,usd,SPBXM
EOG Resources,EOG,BBG000BZ9223,1,usd,SPBXM
CSX Corp,CSX,BBG000BGJRC8,1,usd,SPBXM
CubeSmart REIT,CUBE,BBG000HF28Q9,1,usd,SPBXM
Stryker,SYK,BBG000DN7P92,1,usd,SPBXM
GoPro,GPRO,BBG001LWHLJ8,1,usd,SPBXM
Xerox,XRX,BBG00NNG2ZJ8,1,usd,SPBXM
Stoneridge Inc,SRI,BBG000BB9Q78,1,usd,SPBXM
Норильский никель,GMKN,BBG004731489,1,rub,TQBR
Lancaster Colony,LANC,BBG000BN1M88,1,usd,SPBXM
Lordstown Motors Corp,RIDE,BBG00N6NL712,1,usd,SPBXM
Pilgrim's Pride Corp,PPC,BBG000BFLXV3,1,usd,SPBXM
eBay,EBAY,BBG000C43RR5,1,usd,SPBXM
Delta Air Lines,DAL,BBG000R7Z112,1,usd,SPBXM
"AMERISAFE, Inc.",AMSF,BBG000Q0JJQ0,1,usd,SPBXM
Duolingo,DUOL,BBG003D4V951,1,usd,SPBXM
Micron Technology,MU,BBG000C5Z1S3,1,usd,SPBXM
Shell АДР,SHEL,BBG0147BN6G2,1,usd,SPBXM
Compass Minerals International,CMP,BBG000C42WS4,1,usd,SPBXM
Bank of New York Mellon,BK,BBG000BD8PN9,1,usd,SPBXM
Pegasystems Inc,PEGA,BBG000H1RYG7,1,usd,SPBXM
Brown-Forman,BF.B,BBG000BD2NY8,1,usd,SPBXM
Arista Networks Inc,ANET,BBG000N2HDY5,1,usd,SPBXM
LGI Homes Inc,LGIH,BBG0056655S1,1,usd,SPBXM
PTC Therapeutics,PTCT,BBG000QT15P7,1,usd,SPBXM
BJ's Restaurants Inc,BJRI,BBG000H9LNX1,1,usd,SPBXM
PG&E,PCG,BBG000BQWPC5,1,usd,SPBXM
Московская Биржа,MOEX,BBG004730JJ5,10,rub,TQBR
Amcor,AMCR,BBG00LNJRQ09,1,usd,SPBXM
Matterport,MTTR,BBG00XS0FV56,1,usd,SPBXM
Kadant Inc.,KAI,BBG000BKRSZ3,1,usd,SPBXM
Bloom Energy,BE,BBG000N7KBZ3,1,usd,SPBXM
Canadian Natural Resources,CNQ,BBG000HW5GX3,1,usd,SPBXM
Target,TGT,BBG000H8TVT2,1,usd,SPBXM
Pan American Silver Corp,PAAS,BBG000C0RGY3,1,usd,SPBXM
Bank of America Corp,BAC,BBG000BCTLF6,1,usd,SPBXM
Aspira Womens Health,AWH,BBG000BTYP37,1,usd,SPBXM
LendingTree Inc,TREE,BBG000TVRB50,1,usd,SPBXM
Visa,V,BBG000PSKYX7,1,usd,SPBXM
Entergy Corporation,ETR,BBG000C1FQS9,1,usd,SPBXM
FactSet Research Systems Inc,FDS,BBG000BDJL83,1,usd,SPBXM
Navient,NAVI,BBG004MN1R41,1,usd,SPBXM
Glacier Ban,GBCI,BBG000C3KB84,1,usd,SPBXM
PBF Energy Inc,PBF,BBG002832GV8,1,usd,SPBXM
Synopsys,SNPS,BBG000BSFRF3,1,usd,SPBXM
Harmony Biosciences Holdings,HRMY,BBG00WBPG4C2,1,usd,SPBXM
"ChoiceOne Financial Services, Inc.",COFS,BBG000LLRNX3,1,usd,SPBXM
US Bancorp,USB,BBG000FFDM15,1,usd,SPBXM
Janus Henderson Group,JHG,BBG00GSNPM07,1,usd,SPBXM
Matson Inc,MATX,BBG000BBK401,1,usd,SPBXM
Genesco Inc,GCO,BBG000BK5S78,1,usd,SPBXM
Forrester Research Inc,FORR,BBG000HGNYG8,1,usd,SPBXM
eXp World Holdings,EXPI,BBG001DCTG63,1,usd,SPBXM
Axonics,AXNX,BBG0067QVJ50,1,usd,SPBXM
Exelixis Inc,EXEL,BBG000BQ4WF8,1,usd,SPBXM
Live Nation Entertainment Inc,LYV,BBG000FQ7YR4,1,usd,SPBXM
Cullen/Frost Bankers,CFR,BBG000C2PL98,1,usd,SPBXM
Deciphera Pharmaceuticals Inc,DCPH,BBG00HMJ9H54,1,usd,SPBXM
Armstrong World Industries Inc,AWI,BBG000DW4LB1,1,usd,SPBXM
Danaher,DHR,BBG000BH3JF8,1,usd,SPBXM
RenaissanceRe Holdings,RNR,BBG000BFVZ83,1,usd,SPBXM
Sony Corp,SONY,BBG000BT7ZK6,1,usd,SPBXM
Evotec AG,EVT@DE,BBG000C23DD5,1,eur,SPBDE
MSCI Inc,MSCI,BBG000RTDY25,1,usd,SPBXM
Rogers Corp,ROG,BBG000BS9HN3,1,usd,SPBXM
Patterson,PDCO,BBG000BQY289,1,usd,SPBXM
Bruker Corp,BRKR,BBG000CL1FG7,1,usd,SPBXM
Franco Nevada Corporation,FNV,BBG000RD3CL8,1,usd,SPBXM
Reinsurance Group of America I,RGA,BBG000BDLCQ0,1,usd,SPBXM
FirstEnergy,FE,BBG000BB6M98,1,usd,SPBXM
Юнипро,UPRO,BBG004S686W0,1000,rub,TQBR
Werner Enterprises Inc,WERN,BBG000BWPP85,1,usd,SPBXM
Deutsche Lufthansa AG,LHA@DE,BBG000BC6M41,1,eur,SPBDE
Canadian Imperial Bank of Commerce,CM,BBG000FKTHQ1,1,usd,SPBXM
"Essential Utilities, Inc.",WTRG,BBG000BRMJN6,1,usd,SPBXM
МРСК Сибири,MRKS,BBG000VJMH65,10000,rub,TQBR
Vornado REIT,VNO,BBG000BWHD54,1,usd,SPBXM
Williams-Sonoma Inc,WSM,BBG000FSMWC3,1,usd,SPBXM
McGrath RentCorp,MGRC,BBG000BP02D2,1,usd,SPBXM
ServiceNow Inc,NOW,BBG000M1R011,1,usd,SPBXM
Rocket Lab,RKLB,BBG00Y61SZL5,1,usd,SPBXM
Editas Medicine Inc,EDIT,BBG005MX5GZ2,1,usd,SPBXM
Resideo Technologies Inc,REZI,BBG00HY28K89,1,usd,SPBXM
Liberty Broadband Corporation,LBRDK,BBG006GNSZW5,1,usd,SPBXM
Desktop Metal,DM,BBG00P17H053,1,usd,SPBXM
Murphy USA Inc,MUSA,BBG001Z0Q6T5,1,usd,SPBXM
Kellogg,K,BBG000BMKDM3,1,usd,SPBXM
Best Buy Co.,BBY,BBG000BCWCG1,1,usd,SPBXM
Minerals Technologies Inc.,MTX,BBG000BB61F7,1,usd,SPBXM
Monolithic Power Systems,MPWR,BBG000C30L48,1,usd,SPBXM
SailPoint Technologies Holdings,SAIL,BBG00J0BBZL0,1,usd,SPBXM
Carnival,CCL,BBG000BF6LY3,1,usd,SPBXM
Pitney Bowes,PBI,BBG000BQTMJ9,1,usd,SPBXM
Silvergate Capital Corp.,SI,BBG00MMM95S7,1,usd,SPBXM
Genuine Parts,GPC,BBG000BKL348,1,usd,SPBXM
Русолово,ROLO,BBG004Z2RGW8,100,rub,TQBR
Lattice Semiconductor Corp,LSCC,BBG000C2D1C1,1,usd,SPBXM
Praxis Precision Medicines,PRAX,BBG00W9LF2G5,1,usd,SPBXM
Tactile Systems Technology Inc,TCMD,BBG001B12Z39,1,usd,SPBXM
Expedia,EXPE,BBG000QY3XZ2,1,usd,SPBXM
Ameris Bancorp,ABCB,BBG000CDY3H5,1,usd,SPBXM
Northrop Grumman,NOC,BBG000BQ2C28,1,usd,SPBXM
Twenty-First Century Fox,FOX,BBG00JHNKJY8,1,usd,SPBXM
TriNet Group Inc,TNET,BBG000BR2040,1,usd,SPBXM
ScanSource Inc,SCSC,BBG000BHTPZ4,1,usd,SPBXM
Comcast,CMCSA,BBG000BFT2L4,1,usd,SPBXM
Magnit PJSC,MGNT@GS,BBG000VFBQG4,1,usd,SPBXM
Мосэнерго,MSNG,BBG004S687W8,1000,rub,TQBR
Shutterstock Inc,SSTK,BBG002ZCK2V9,1,usd,SPBXM
Carpenter Technology Corp,CRS,BBG000BGCQT9,1,usd,SPBXM
АФК Система,AFKS,BBG004S68614,100,rub,TQBR
Barrick Gold,GOLD,BBG000BB07P9,1,usd,SPBXM
PGT Innovations Inc,PGTI,BBG000FX3Y66,1,usd,SPBXM
Lincoln Electric Holdings,LECO,BBG000BB72K8,1,usd,SPBXM
Prosperity Bancshares,PB,BBG000BHY4D9,1,usd,SPBXM
Enovis,ENOV,BBG000C5Z443,1,usd,SPBXM
nLight Inc,LASR,BBG0020BCPX5,1,usd,SPBXM
Cameco Corporation,CCJ,BBG000DSZTN6,1,usd,SPBXM
Energizer Holdings Inc,ENR,BBG006FCB019,1,usd,SPBXM
ГДР Softline,SFTL,BBG0136BTL03,1,rub,TQBR
Bright Horizons Family Solutio,BFAM,BBG003LFWP05,1,usd,SPBXM
TJX,TJX,BBG000BV8DN6,1,usd,SPBXM
Continental Resources Inc,CLR,BBG000BHBGN6,1,usd,SPBXM
Zymergen Inc.,ZY,BBG0077HPN74,1,usd,SPBXM
Cars.com Inc,CARS,BBG000HGTH33,1,usd,SPBXM
Tyler Technologies Inc,TYL,BBG000BVWZF9,1,usd,SPBXM
Teradata,TDC,BBG000R0L5J4,1,usd,SPBXM
Amicus Therapeutics,FOLD,BBG000PLF6N0,1,usd,SPBXM
Advanced Drainage Systems,WMS,BBG000G7CDN9,1,usd,SPBXM
Mirati Therapeutics Inc,MRTX,BBG004TPGBP5,1,usd,SPBXM
Datadog Inc,DDOG,BBG003NJHZT9,1,usd,SPBXM
Sino Biopharmaceutical,1177,BBG000C6XDL4,100,hkd,SPBHKEX
Globant SA,GLOB,BBG00564Y443,1,usd,SPBXM
Полюс Золото,PLZL,BBG000R607Y3,1,rub,TQBR
Macerich REIT,MAC,BBG000BL9C59,1,usd,SPBXM
KKR & Co. Inc.,KKR,BBG000BCQ6J8,1,usd,SPBXM
Kohl's Corp,KSS,BBG000CS7CT9,1,usd,SPBXM
Alcon,ALC,BBG00NPWH832,1,usd,SPBXM
Southern Copper Corp,SCCO,BBG000BSHH72,1,usd,SPBXM
American Public Education Inc,APEI,BBG000RVD346,1,usd,SPBXM
Cogent Communications,CCOI,BBG000D0SMY8,1,usd,SPBXM
Xencor Inc,XNCR,BBG0026ZG4W0,1,usd,SPBXM
Zscaler Inc,ZS,BBG003338H34,1,usd,SPBXM
SS&C Technologies Holdings Inc,SSNC,BBG000RJ2J04,1,usd,SPBXM
Bumble Inc.,BMBL,BBG00Z6RF483,1,usd,SPBXM
Ozon Holdings PLC,OZON,BBG00Y91R9T3,1,rub,TQBR
Big Lots Inc,BIG,BBG000J0D904,1,usd,SPBXM
ЛУКОЙЛ,LKOH,BBG004731032,1,rub,TQBR
BCE Inc.,BCE,BBG000BCXNS3,1,usd,SPBXM
Cadence Design Systems,CDNS,BBG000C13CD9,1,usd,SPBXM
PVH,PVH,BBG000BRRG02,1,usd,SPBXM
Accenture,ACN,BBG000D9D830,1,usd,SPBXM
BOK Financial,BOKF,BBG000CFZ003,1,usd,SPBXM
SEI Investments Company,SEIC,BBG000BSQLT9,1,usd,SPBXM
Okta Inc,OKTA,BBG001YV1SM4,1,usd,SPBXM
Uber,UBER,BBG002B04MT8,1,usd,SPBXM
Chewy Inc,CHWY,BBG00P19DKZ6,1,usd,SPBXM
Nutanix Inc,NTNX,BBG001NDW1Z7,1,usd,SPBXM
Alcoa Corporation,AA,BBG00B3T3HD3,1,usd,SPBXM
Hess,HES,BBG000BBD070,1,usd,SPBXM
Newell Brands,NWL,BBG000BQC9V2,1,usd,SPBXM
CVS Health Corporation,CVS,BBG000BGRY34,1,usd,SPBXM
Thor Industries Inc,THO,BBG000BV6R84,1,usd,SPBXM
Энел Россия,ENRU,BBG000F6YP24,1000,rub,TQBR
Fortive,FTV,BBG00BLVZ228,1,usd,SPBXM
Boot Barn Holdings Inc,BOOT,BBG0077SYZV6,1,usd,SPBXM
QuinStreet Inc,QNST,BBG000S9XXB8,1,usd,SPBXM
Allison Transmission Holdings,ALSN,BBG001KY3845,1,usd,SPBXM
Вторая генерирующая компания оптового рынка электроэнергии,OGKB,BBG000RK52V1,1000,rub,TQBR
IPG,IPG,BBG000C90DH9,1,usd,SPBXM
National Instruments,NATI,BBG000DZK6N6,1,usd,SPBXM
3D Systems Corp,DDD,BBG000D42FJ0,1,usd,SPBXM
Lightspeed Commerce,LSPD,BBG00PZ78ZM0,1,usd,SPBXM
Generac Holdings Inc,GNRC,BBG000PQ4W72,1,usd,SPBXM
GMS Inc,GMS,BBG009Q036D0,1,usd,SPBXM
New York Community Bancorp,NYCB,BBG000BVXPZ8,1,usd,SPBXM
Terreno REIT,TRNO,BBG000PV3J62,1,usd,SPBXM
Grand Canyon Education Inc,LOPE,BBG000FV28W9,1,usd,SPBXM
Select Energy Services Inc,WTTR,BBG00G4Y2DC1,1,usd,SPBXM
Materion Corp,MTRN,BBG000BDTT76,1,usd,SPBXM
Bed Bath & Beyond,BBBY,BBG000CSY9H9,1,usd,SPBXM
Funko Inc,FNKO,BBG00HXSHDQ9,1,usd,SPBXM
Iridium Communications Inc,IRDM,BBG000VC0FC1,1,usd,SPBXM
Arcus Biosciences,RCUS,BBG00DQD26W3,1,usd,SPBXM
Alexandria Real Estate Equities REIT,ARE,BBG000BC33T9,1,usd,SPBXM
Lululemon Athletica Inc,LULU,BBG000R8ZVD1,1,usd,SPBXM
Omnicell Inc,OMCL,BBG000BTNGZ4,1,usd,SPBXM
Columbia Sportswear Company,COLM,BBG000BKKQ84,1,usd,SPBXM
ChampionX Corporation,CHX,BBG00JH9TZ56,1,usd,SPBXM
Иркутскэнерго,IRGZ,BBG000NL6ZD9,100,rub,TQBR
Mimecast Limited,MIME,BBG00B6W26V8,1,usd,SPBXM
Western Alliance Bancorp,WAL,BBG000Q1KFH4,1,usd,SPBXM
Aramark,ARMK,BBG001KY4N87,1,usd,SPBXM
Fiverr International,FVRR,BBG002YSC5M7,1,usd,SPBXM
Landstar System,LSTR,BBG000BB2KN0,1,usd,SPBXM
Cleveland-Cliffs,CLF,BBG000BFRF55,1,usd,SPBXM
TechnipFMC,FTI,BBG00DL8NMV2,1,usd,SPBXM
SP Plus Corp,SP,BBG000BJ91B1,1,usd,SPBXM
L3Harris Technologies Inc,LHX,BBG000BLGFJ9,1,usd,SPBXM
Ingevity Corp,NGVT,BBG009LM28K6,1,usd,SPBXM
Warby Parker,WRBY,BBG005DWN8K8,1,usd,SPBXM
Delivery Hero SE,DHER@DE,BBG00GVXMJ74,1,eur,SPBDE
United Airlines Holdings,UAL,BBG000M65M61,1,usd,SPBXM
"Independent Bank Group, Inc.",IBTX,BBG003981NS4,1,usd,SPBXM
SpringWorks Therapeutics,SWTX,BBG00Q011TW9,1,usd,SPBXM
US Foods Holding Corp,USFD,BBG00C6H6D40,1,usd,SPBXM
American Electric Power,AEP,BBG000BB9KF2,1,usd,SPBXM
Tempur Sealy International Inc,TPX,BBG000PXGT62,1,usd,SPBXM
Pinterest Inc,PINS,BBG002583CV8,1,usd,SPBXM
HubSpot Inc,HUBS,BBG000N7MZ06,1,usd,SPBXM
The Aarons Company,AAN,BBG00WCNDCZ6,1,usd,SPBXM
Dell Technologies Inc,DELL,BBG00DW3SZS1,1,usd,SPBXM
AerCap Holdings,AER,BBG000Q9FZL4,1,usd,SPBXM
WestRock,WRK,BBG008NXC572,1,usd,SPBXM
"United Bankshares, Inc.",UBSI,BBG000BVXC87,1,usd,SPBXM
Altria Group,MO,BBG000BP6LJ8,1,usd,SPBXM
Ligand Pharmaceuticals Inc,LGND,BBG000BKF014,1,usd,SPBXM
Dana Inc,DAN,BBG000TCD088,1,usd,SPBXM
Globaltrans Investment PLC,GLTR,BBG000VFX6Y4,1,rub,TQBR
MSC Industrial Direct Co Inc,MSM,BBG000BCLYL9,1,usd,SPBXM
JD.com,JD,BBG005YHY0Q7,1,usd,SPBXM
Carrier Global,CARR,BBG00RP5HYS8,1,usd,SPBXM
CorEnergy Infrastructure REIT,CORR,BBG000CN80Y9,1,usd,SPBXM
LIthia Motors Inc,LAD,BBG000K3BC83,1,usd,SPBXM
Chefs' Warehouse Inc,CHEF,BBG001MFW6D6,1,usd,SPBXM
Hasbro,HAS,BBG000BKVJK4,1,usd,SPBXM
Beam Therapeutics,BEAM,BBG00KXC8646,1,usd,SPBXM
Essex Property REIT,ESS,BBG000CGJMB9,1,usd,SPBXM
DraftKings,DKNG,BBG0134WCM78,1,usd,SPBXM
"Evergy, Inc",EVRG,BBG00H433CR2,1,usd,SPBXM
Balchem Corp,BCPC,BBG000BCY878,1,usd,SPBXM
FTI Consulting Inc,FCN,BBG000K88H58,1,usd,SPBXM
Portland General Electric,POR,BBG000BCRMW7,1,usd,SPBXM
Nielsen Holdings plc,NLSN,BBG0088CYPX8,1,usd,SPBXM
EMCOR Group,EME,BBG000BBRPL4,1,usd,SPBXM
KLA-Tencor,KLAC,BBG000BMTFR4,1,usd,SPBXM
Avis Budget Group,CAR,BBG000FLPRH1,1,usd,SPBXM
Premier Inc,PINC,BBG000G7QX50,1,usd,SPBXM
Hewlett Packard Enterprise,HPE,BBG0078W3NQ3,1,usd,SPBXM
КуйбышевАзот - Акции привилегированные,KAZTP,BBG002B9T6Y1,10,rub,TQBR
Alpha and Omega Semiconductor,AOSL,BBG000QLW222,1,usd,SPBXM
Curtiss-Wright,CW,BBG000BGSPS5,1,usd,SPBXM
PTC Inc,PTC,BBG000C2VBB0,1,usd,SPBXM
Hannon Armstrong REIT,HASI,BBG0044K5DM4,1,usd,SPBXM
H World Group,HTHT,BBG000QFPM65,1,usd,SPBXM
Orthofix Medical Inc,OFIX,BBG000G1C210,1,usd,SPBXM
Vonovia SE,VNA@DE,BBG000BT0ZM1,1,eur,SPBDE
Thermo Fisher Scientific,TMO,BBG000BVDLH9,1,usd,SPBXM
DXC Technology,DXC,BBG00FN64XT9,1,usd,SPBXM
Amazon.com,AMZN,BBG000BVPV84,1,usd,SPBXM
PAR Technology Corporation,PAR,BBG000BRP9K8,1,usd,SPBXM
Salesforce,CRM,BBG000BN2DC2,1,usd,SPBXM
Freeport-McMoRan,FCX,BBG000BJDB15,1,usd,SPBXM
CommVault Systems Inc,CVLT,BBG000BG88X9,1,usd,SPBXM
Apartment Income REIT,AIRC,BBG00XK3WVD0,1,usd,SPBXM
Commerce Bancshares,CBSH,BBG000BF3G77,1,usd,SPBXM
Alnylam Pharmaceuticals Inc,ALNY,BBG000BFGNJ5,1,usd,SPBXM
Ares Capital Corp,ARCC,BBG000PD6X77,1,usd,SPBXM
Guardant Health Inc,GH,BBG006D97VY9,1,usd,SPBXM
Vanda Pharmaceuticals Inc,VNDA,BBG000HT5MG6,1,usd,SPBXM
Centene Corporation,CNC,BBG000BDXCJ5,1,usd,SPBXM
"IDACORP, Inc.",IDA,BBG000BLR3Y7,1,usd,SPBXM
"Autoliv, Inc.",ALV,BBG000BVLRY8,1,usd,SPBXM
Arcutis Biotherapeutics,ARQT,BBG00QN8K4M4,1,usd,SPBXM
BioMarin Pharmaceutical Inc,BMRN,BBG000CZWZ05,1,usd,SPBXM
The Allstate Corporation,ALL,BBG000BVMGF2,1,usd,SPBXM
Levi Strauss & Co,LEVI,BBG000BQDF10,1,usd,SPBXM
Knight-Swift Transportation,KNX,BBG000BFC848,1,usd,SPBXM
Albertsons Companies,ACI,BBG009KG1750,1,usd,SPBXM
Apellis Pharmaceuticals,APLS,BBG007KGRPY4,1,usd,SPBXM
LUKOIL PJSC,LKOD@GS,BBG000NN8497,1,usd,SPBXM
Sprout Social,SPT,BBG001K1CT23,1,usd,SPBXM
Teledyne Technologies Inc,TDY,BBG000BMT9T6,1,usd,SPBXM
Ciena Corp,CIEN,BBG000BP1152,1,usd,SPBXM
Twitter,TWTR,BBG000H6HNW3,1,usd,SPBXM
F5,FFIV,BBG000CXYSZ6,1,usd,SPBXM
Match Group Inc,MTCH,BBG00B6WH9G3,1,usd,SPBXM
Texas Roadhouse Inc,TXRH,BBG000PSJMV7,1,usd,SPBXM
The Williams Companies,WMB,BBG000BWVCP8,1,usd,SPBXM
MaxLinear Inc,MXL,BBG000BB6R33,1,usd,SPBXM
Napco Security Technologies,NSSC,BBG000BQ6CT5,1,usd,SPBXM
Verint Systems Inc,VRNT,BBG000BCBYT2,1,usd,SPBXM
АДР МТС,MBT,BBG000CSZKR2,1,usd,SPBXM
НМТП,NMTP,BBG004S68BR5,100,rub,TQBR
CRISPR Therapeutics AG,CRSP,BBG00DBBGRX1,1,usd,SPBXM
MRC Global Inc,MRC,BBG000BKLTM1,1,usd,SPBXM
MAXIMUS Inc,MMS,BBG000BC5WJ4,1,usd,SPBXM
Crown Castle REIT,CCI,BBG000FV1Z23,1,usd,SPBXM
Analog Devices,ADI,BBG000BB6G37,1,usd,SPBXM
Viatris Inc,VTRS,BBG00Y4RQNH4,1,usd,SPBXM
Ingersoll-Rand,IR,BBG002R1CW27,1,usd,SPBXM
Vir Biotechnology,VIR,BBG00H2QQ8T5,1,usd,SPBXM
ТГК-1,TGKA,BBG000QFH687,100000,rub,TQBR
Comerica Incorporated,CMA,BBG000C75N77,1,usd,SPBXM
Fox Factory Holding Corp,FOXF,BBG004T7VS53,1,usd,SPBXM
Expeditors,EXPD,BBG000BJ5GK2,1,usd,SPBXM
First Republic Bank,FRC,BBG0019LSQ49,1,usd,SPBXM
Freedom Holding Corp/NV,FRHC,BBG000N625H8,1,usd,SPBXM
Angi Inc,ANGI,BBG00HVKH3Q0,1,usd,SPBXM
Hyatt Hotels Corp,H,BBG000CVRFS4,1,usd,SPBXM
IQVIA Holdings Inc,IQV,BBG00333FYS2,1,usd,SPBXM
Ventas REIT,VTR,BBG000FRVHB9,1,usd,SPBXM
Blink Charging Co,BLNK,BBG000F9XKN7,1,usd,SPBXM
Alibaba,BABA,BBG006G2JVL2,1,usd,SPBXM
Chart Industries Inc,GTLS,BBG000P1K2X6,1,usd,SPBXM
Сургутнефтегаз,SNGS,BBG0047315D0,100,rub,TQBR
МКБ,CBOM,BBG009GSYN76,100,rub,TQBR
PJT Partners Inc.,PJT,BBG0079T1PZ6,1,usd,SPBXM
Regeneron Pharmaceuticals,REGN,BBG000C734W3,1,usd,SPBXM
Burlington Stores Inc,BURL,BBG004S641N5,1,usd,SPBXM
Cardlytics Inc,CDLX,BBG00225ZDD0,1,usd,SPBXM
Seagate,STX,BBG0113JGQF0,1,usd,SPBXM
Krystal Biotech Inc,KRYS,BBG00HDGRHH7,1,usd,SPBXM
J&J Snack Foods Corp,JJSF,BBG000BMGPW0,1,usd,SPBXM
TripAdvisor,TRIP,BBG001M8HHB7,1,usd,SPBXM
Linde,LIN,BBG00GVR8YQ9,1,usd,SPBXM
REX American Resources Corp,REX,BBG000D2ZK61,1,usd,SPBXM
Crane Holdings,CR,BBG017BXPZ85,1,usd,SPBXM
Karuna Therapeutics Inc,KRTX,BBG00NN875G0,1,usd,SPBXM
Stellantis N.V.,STLA,BBG0078ZLDG9,1,usd,SPBXM
Canadian Pacific Railway,CP,BBG000BCVMH9,1,usd,SPBXM
Vermilion Energy,VET,BBG000PL3C78,1,usd,SPBXM
Ашинский метзавод,AMEZ,BBG000RJWGC4,100,rub,TQBR
Stitch Fix,SFIX,BBG0046L1KL9,1,usd,SPBXM
Twenty-First Century Fox (A),FOXA,BBG00JHNJW99,1,usd,SPBXM
PRA Group Inc,PRAA,BBG000BNTW77,1,usd,SPBXM
"Cowen, Inc.",COWN,BBG000ND1SB0,1,usd,SPBXM
ТГК-2 - акции привилегированные,TGKBP,BBG000Q7GJ60,100000,rub,TQBR
TPG,TPG,BBG0145FSNR1,1,usd,SPBXM
PetroChina,PTR,BBG000BR85F1,1,usd,SPBXM
AZEK Company,AZEK,BBG00RPJPN67,1,usd,SPBXM
UnitedHealth,UNH,BBG000CH5208,1,usd,SPBXM
TEGNA,TGNA,BBG000BK5DP1,1,usd,SPBXM
Revolve Group Inc,RVLV,BBG00M4RHBD0,1,usd,SPBXM
Wingstop Inc,WING,BBG008N298Y8,1,usd,SPBXM
АбрауДюрсо,ABRD,BBG002W2FT69,10,rub,TQBR
Центральный Телеграф - акции привилегированные,CNTLP,BBG0027F0Y27,100,rub,TQBR
TotalEnergies SE,TTE,BBG000CHZ857,1,usd,SPBXM
Quanta Services,PWR,BBG000BBL8V7,1,usd,SPBXM
Donaldson Co,DCI,BBG000BGZP70,1,usd,SPBXM
Siemens Healthineers AG,SHL@DE,BBG00KY6K4L0,1,eur,SPBDE
Microchip Technology,MCHP,BBG000BHCP19,1,usd,SPBXM
ПИК,PIKK,BBG004S68BH6,1,rub,TQBR
AstraZeneca PLC,AZN,BBG000BZ0DK8,1,usd,SPBXM
Kennametal Inc,KMT,BBG000BMWKC5,1,usd,SPBXM
EchoStar Corporation,SATS,BBG000TGLV00,1,usd,SPBXM
Applied Therapeutics,APLT,BBG000DD0489,1,usd,SPBXM
Forward Air Corporation,FWRD,BBG000BRCHB4,1,usd,SPBXM
Adaptive Biotechnologies,ADPT,BBG001J2PFF5,1,usd,SPBXM
Onto Innovation Inc,ONTO,BBG000BPRN29,1,usd,SPBXM
Nu Skin Enterprises Inc,NUS,BBG000HG21Y3,1,usd,SPBXM
Hub Group Inc,HUBG,BBG000G9W6L0,1,usd,SPBXM
SolarEdge Technologies Inc,SEDG,BBG0084BBZY6,1,usd,SPBXM
Deere & Company,DE,BBG000BH1NH9,1,usd,SPBXM
Palo Alto Networks,PANW,BBG0014GJCT9,1,usd,SPBXM
Dolby Laboratories Inc,DLB,BBG000DGLTG5,1,usd,SPBXM
Gartner,IT,BBG000BB65D0,1,usd,SPBXM
Spirit Realty Capital REIT,SRC,BBG0027Z6X10,1,usd,SPBXM
Роснефть,ROSN,BBG004731354,1,rub,TQBR
Marathon Oil,MRO,BBG000C8H633,1,usd,SPBXM
Vertex Pharmaceuticals,VRTX,BBG000C1S2X2,1,usd,SPBXM
CF Industries Holdings,CF,BBG000BWJFZ4,1,usd,SPBXM
CyberArk Software Ltd,CYBR,BBG006Q52QV2,1,usd,SPBXM
Western Union,WU,BBG000BB5373,1,usd,SPBXM
Pinnacle West Capital,PNW,BBG000BRDSX5,1,usd,SPBXM
ModivCare Inc.,MODV,BBG000P1B7C8,1,usd,SPBXM
Celsius Holdings,CELH,BBG000NY37X4,1,usd,SPBXM
Ollie's Bargain Outlet Holding,OLLI,BBG0098VVDT9,1,usd,SPBXM
Мечел - Привилегированные акции,MTLRP,BBG004S68FR6,10,rub,TQBR
Louisiana-Pacific Corporation,LPX,BBG000BNF508,1,usd,SPBXM
Helmerich & Payne,HP,BBG000BLCPY4,1,usd,SPBXM
Astronics Corp,ATRO,BBG000BCLBY5,1,usd,SPBXM
LHC Group Inc,LHCG,BBG000G7W420,1,usd,SPBXM
Трубная Металлургическая Компания,TRMK,BBG004TC84Z8,10,rub,TQBR
Abbott,ABT,BBG000B9ZXB4,1,usd,SPBXM
Credit Acceptance Corp,CACC,BBG000CS0D96,1,usd,SPBXM
Zuora Inc,ZUO,BBG000BT3HG5,1,usd,SPBXM
ANI Pharmaceuticals Inc,ANIP,BBG000KK1L04,1,usd,SPBXM
Healthcare Realty Trust REIT,HR,BBG000PRJCX9,1,usd,SPBXM
Infineon Technologies AG,IFX@DE,BBG000C8L273,1,eur,SPBDE
Skyworks Solutions,SWKS,BBG000KLB4Q1,1,usd,SPBXM
Albany International Corp.,AIN,BBG000BRWWH3,1,usd,SPBXM
General Dynamics,GD,BBG000BK67C7,1,usd,SPBXM
AMETEK,AME,BBG000B9XG87,1,usd,SPBXM
Dave & Buster's Entertainment Inc,PLAY,BBG001WWJTK5,1,usd,SPBXM
Phillips 66,PSX,BBG00286S4N9,1,usd,SPBXM
Worthington Industries Inc,WOR,BBG000HL7499,1,usd,SPBXM
ChargePoint Holdings,CHPT,BBG00Q741Z16,1,usd,SPBXM
Alliant Energy,LNT,BBG000DW4Q75,1,usd,SPBXM
"Washington Federal, Inc.",WAFD,BBG000BWQTD0,1,usd,SPBXM
Seacoast Banking Corp of Flori,SBCF,BBG000KK3464,1,usd,SPBXM
Marriott Vacations Worldwide Corporation,VAC,BBG001J2R5H3,1,usd,SPBXM
Pagseguro Digital Ltd,PAGS,BBG00JM7QBR6,1,usd,SPBXM
МРСК Урала,MRKU,BBG000VKG4R5,10000,rub,TQBR
Luminar Technologies,LAZR,BBG00MS90LK2,1,usd,SPBXM
Logitech International SA,LOGI,BBG000BQNNP6,1,usd,SPBXM
Clean Harbors Inc,CLH,BBG000BFRRX8,1,usd,SPBXM
Upwork Inc,UPWK,BBG00FBJ6390,1,usd,SPBXM
GCP Applied Technologies Inc,GCP,BBG0082W8Q12,1,usd,SPBXM
Red Robin Gourmet Burgers Inc,RRGB,BBG000MXH9C1,1,usd,SPBXM
Hormel Foods,HRL,BBG000BLF8D2,1,usd,SPBXM
Equitrans Midstream Corporation,ETRN,BBG00K53L394,1,usd,SPBXM
Tesla Motors,TSLA,BBG000N9MNX3,1,usd,SPBXM
Fastenal Company,FAST,BBG000BJ8YN7,1,usd,SPBXM
JM Smucker,SJM,BBG000BT1715,1,usd,SPBXM
Carl Zeiss Meditec AG,AFX@DE,BBG000C7X325,1,eur,SPBDE
United States Steel,X,BBG000BX3TD3,1,usd,SPBXM
Healthpeak Properties REIT,PEAK,BBG000BKYDP9,1,usd,SPBXM
iRhythm Technologies,IRTC,BBG001J19V24,1,usd,SPBXM
Skechers U.S.A. Inc,SKX,BBG000C4HKK2,1,usd,SPBXM
МРСК Юга,MRKY,BBG000C7P5M7,10000,rub,TQBR
Neurocrine Biosciences Inc,NBIX,BBG000GJS7C1,1,usd,SPBXM
HCA Healthcare,HCA,BBG000QW7VC1,1,usd,SPBXM
Sturm Ruger & Co Inc,RGR,BBG000C4FQG6,1,usd,SPBXM
Oil States International Inc,OIS,BBG000BDDN94,1,usd,SPBXM
EQT Corporation,EQT,BBG000BHZ5J9,1,usd,SPBXM
8x8 Inc,EGHT,BBG000BCGHH7,1,usd,SPBXM
Green Dot Corp,GDOT,BBG000QDJT53,1,usd,SPBXM
Inspire Medical Systems Inc,INSP,BBG00209SZJ7,1,usd,SPBXM
Eaton Corporation,ETN,BBG000BJ3PD2,1,usd,SPBXM
Polaris Industries Inc,PII,BBG000D5S4M0,1,usd,SPBXM
NVIDIA,NVDA,BBG000BBJQV0,1,usd,SPBXM
Eargo,EAR,BBG009HSTZ10,1,usd,SPBXM
Medpace Holdings Inc,MEDP,BBG0065B7K59,1,usd,SPBXM
Boise Cascade,BCC,BBG000RQKCR4,1,usd,SPBXM
AppLovin Corporation,APP,BBG006HFPX77,1,usd,SPBXM
SouthState Corp,SSB,BBG000BNPYN9,1,usd,SPBXM
Bayerische Motoren Werke AG,BMW@DE,BBG000BBXB74,1,eur,SPBDE
TPI Composites Inc,TPIC,BBG0016MQ7C5,1,usd,SPBXM
Vuzix Corp,VUZI,BBG000QKVV49,1,usd,SPBXM
WP Carey REIT,WPC,BBG000BCQM58,1,usd,SPBXM
Neogen Corp,NEOG,BBG000C1BCK2,1,usd,SPBXM
Global Payments,GPN,BBG000CX0P89,1,usd,SPBXM
Pfizer,PFE,BBG000BR2B91,1,usd,SPBXM
Trex Co Inc,TREX,BBG000BTGKK9,1,usd,SPBXM
Meritage Homes Corp,MTH,BBG000F4F1N0,1,usd,SPBXM
Dorman Products Inc,DORM,BBG000BM22F5,1,usd,SPBXM
Choice Hotels International In,CHH,BBG000BPBTL2,1,usd,SPBXM
"Graphite Bio, Inc.",GRPH,BBG00XDH4NZ2,1,usd,SPBXM
Monster Beverage,MNST,BBG008NVB1C0,1,usd,SPBXM
The Clorox Company,CLX,BBG000BFS7D3,1,usd,SPBXM
Ferro Corp,FOE,BBG000BJQK11,1,usd,SPBXM
Blackbaud Inc,BLKB,BBG000BGGTW5,1,usd,SPBXM
Саратовский НПЗ - акции привилегированные,KRKNP,BBG002B2J5X0,1,rub,TQBR
Aptiv,APTV,BBG001QD41M9,1,usd,SPBXM
Tandem Diabetes Care Inc,TNDM,BBG0019V9M65,1,usd,SPBXM
AdvanSix Inc,ASIX,BBG00CWTTQ41,1,usd,SPBXM
Country Garden Holdings,2007,BBG000QQCY41,100,hkd,SPBHKEX
AAON,AAON,BBG000C2LZP3,1,usd,SPBXM
Северсталь,CHMF,BBG00475K6C3,1,rub,TQBR
Tradeweb Markets,TW,BBG00NK8H8T2,1,usd,SPBXM
Flowserve,FLS,BBG000FFH4P5,1,usd,SPBXM
Twilio Inc,TWLO,BBG0029ZX840,1,usd,SPBXM
Cooper-Standard Holdings Inc,CPS,BBG000PSXT64,1,usd,SPBXM
VIZIO Holding Corp.,VZIO,BBG00ZHDJVK4,1,usd,SPBXM
Repligen Corporation,RGEN,BBG000BS48J3,1,usd,SPBXM
ИСКЧ,ISKJ,BBG000N16BP3,10,rub,TQBR
Chatham Lodging REIT,CLDT,BBG000PT6BR8,1,usd,SPBXM
Alphabet Class C,GOOG,BBG009S3NB30,1,usd,SPBXM
Lantheus Holdings Inc,LNTH,BBG006Q52RD0,1,usd,SPBXM
HeidelbergCement AG,HEI@DE,BBG000BWRTS3,1,eur,SPBDE
PACCAR,PCAR,BBG000BQVTF5,1,usd,SPBXM
Cytokinetics,CYTK,BBG000F0R4N9,1,usd,SPBXM
Vimeo,VMEO,BBG00ZNSSKP3,1,usd,SPBXM
